2025-04-15 12:06:14.420 [info] Extension host with pid 23406 started
2025-04-15 12:06:14.420 [info] Skipping acquiring lock for /home/pracker/.config/Windsurf/User/workspaceStorage/74e21c1aaa1a986dcc077b1065da9304.
2025-04-15 12:06:14.617 [info] ExtensionService#_doActivateExtension vscode.git-base, startup: true, activationEvent: '*', root cause: vscode.git
2025-04-15 12:06:14.621 [info] ExtensionService#_doActivateExtension ms-vscode.test-adapter-converter, startup: true, activationEvent: '*', root cause: hbenl.vscode-test-explorer
2025-04-15 12:06:14.625 [info] ExtensionService#_doActivateExtension johnpapa.vscode-peacock, startup: true, activationEvent: '*'
2025-04-15 12:06:14.630 [info] ExtensionService#_doActivateExtension mhutchie.git-graph, startup: true, activationEvent: '*'
2025-04-15 12:06:14.640 [info] ExtensionService#_doActivateExtension wayou.vscode-todo-highlight, startup: true, activationEvent: '*'
2025-04-15 12:06:14.641 [info] ExtensionService#_doActivateExtension Zignd.html-css-class-completion, startup: true, activationEvent: '*'
2025-04-15 12:06:14.788 [info] ExtensionService#_doActivateExtension vscode.git, startup: true, activationEvent: '*'
2025-04-15 12:06:14.846 [info] ExtensionService#_doActivateExtension vscode.github, startup: true, activationEvent: '*'
2025-04-15 12:06:14.872 [info] ExtensionService#_doActivateExtension hbenl.vscode-test-explorer, startup: true, activationEvent: '*'
2025-04-15 12:06:15.016 [info] ExtensionService#_doActivateExtension codeium.windsurf, startup: true, activationEvent: '*'
2025-04-15 12:06:16.929 [info] Eager extensions activated
2025-04-15 12:06:16.969 [info] ExtensionService#_doActivateExtension vscode.debug-auto-launch, startup: false, activationEvent: 'onStartupFinished'
2025-04-15 12:06:16.970 [info] ExtensionService#_doActivateExtension vscode.merge-conflict, startup: false, activationEvent: 'onStartupFinished'
2025-04-15 12:06:16.984 [info] ExtensionService#_doActivateExtension Codeium.windsurf-dev-containers, startup: false, activationEvent: 'onStartupFinished'
2025-04-15 12:06:16.987 [info] ExtensionService#_doActivateExtension aaron-bond.better-comments, startup: false, activationEvent: 'onStartupFinished'
2025-04-15 12:06:16.990 [info] ExtensionService#_doActivateExtension bierner.emojisense, startup: false, activationEvent: 'onStartupFinished'
2025-04-15 12:06:16.996 [info] ExtensionService#_doActivateExtension bradlc.vscode-tailwindcss, startup: false, activationEvent: 'onStartupFinished'
2025-04-15 12:06:17.025 [info] ExtensionService#_doActivateExtension cyrilletuzi.angular-schematics, startup: false, activationEvent: 'onStartupFinished'
2025-04-15 12:06:17.334 [info] ExtensionService#_doActivateExtension dbaeumer.vscode-eslint, startup: false, activationEvent: 'onStartupFinished'
2025-04-15 12:06:17.357 [info] ExtensionService#_doActivateExtension dsznajder.es7-react-js-snippets, startup: false, activationEvent: 'onStartupFinished'
2025-04-15 12:06:17.696 [info] ExtensionService#_doActivateExtension eamodio.gitlens, startup: false, activationEvent: 'onStartupFinished'
2025-04-15 12:06:17.808 [info] ExtensionService#_doActivateExtension ecmel.vscode-html-css, startup: false, activationEvent: 'onStartupFinished'
2025-04-15 12:06:17.809 [info] ExtensionService#_doActivateExtension EditorConfig.EditorConfig, startup: false, activationEvent: 'onStartupFinished'
2025-04-15 12:06:17.821 [info] ExtensionService#_doActivateExtension esbenp.prettier-vscode, startup: false, activationEvent: 'onStartupFinished'
2025-04-15 12:06:17.868 [info] ExtensionService#_doActivateExtension Gruntfuggly.todo-tree, startup: false, activationEvent: 'onStartupFinished'
2025-04-15 12:06:17.889 [info] ExtensionService#_doActivateExtension kisstkondoros.vscode-gutter-preview, startup: false, activationEvent: 'onStartupFinished'
2025-04-15 12:06:17.915 [info] ExtensionService#_doActivateExtension PKief.material-icon-theme, startup: false, activationEvent: 'onStartupFinished'
2025-04-15 12:06:17.924 [info] ExtensionService#_doActivateExtension shardulm94.trailing-spaces, startup: false, activationEvent: 'onStartupFinished'
2025-04-15 12:06:17.930 [info] ExtensionService#_doActivateExtension subframe7536.custom-ui-style, startup: false, activationEvent: 'onStartupFinished'
2025-04-15 12:06:17.935 [info] ExtensionService#_doActivateExtension usernamehw.errorlens, startup: false, activationEvent: 'onStartupFinished'
2025-04-15 12:06:17.939 [info] ExtensionService#_doActivateExtension vscode-icons-team.vscode-icons, startup: false, activationEvent: 'onStartupFinished'
2025-04-15 12:06:17.965 [info] ExtensionService#_doActivateExtension waderyan.gitblame, startup: false, activationEvent: 'onStartupFinished'
2025-04-15 12:06:17.966 [info] ExtensionService#_doActivateExtension zhuangtongfa.material-theme, startup: false, activationEvent: 'onStartupFinished'
2025-04-15 12:06:18.217 [info] ExtensionService#_doActivateExtension vscode.github-authentication, startup: false, activationEvent: 'onAuthenticationRequest:github'
2025-04-15 12:06:35.291 [info] ExtensionService#_doActivateExtension vscode.npm, startup: false, activationEvent: 'onTerminalQuickFixRequest:ms-vscode.npm-command'
2025-04-15 12:07:07.451 [info] ExtensionService#_doActivateExtension mechatroner.rainbow-csv, startup: false, activationEvent: 'onLanguage:plaintext'
2025-04-15 12:07:07.454 [info] ExtensionService#_doActivateExtension vscode.emmet, startup: false, activationEvent: 'onLanguage'
2025-04-15 12:07:07.466 [info] ExtensionService#_doActivateExtension vscode.configuration-editing, startup: false, activationEvent: 'onLanguage:json'
2025-04-15 12:07:07.474 [info] ExtensionService#_doActivateExtension vscode.extension-editing, startup: false, activationEvent: 'onLanguage:json'
2025-04-15 12:07:07.484 [info] ExtensionService#_doActivateExtension vscode.json-language-features, startup: false, activationEvent: 'onLanguage:json'
2025-04-15 12:07:07.535 [info] ExtensionService#_doActivateExtension pflannery.vscode-versionlens, startup: false, activationEvent: 'onLanguage:json'
2025-04-15 12:07:07.584 [info] ExtensionService#_doActivateExtension richie5um2.vscode-sort-json, startup: false, activationEvent: 'onLanguage:json'
2025-04-15 12:07:07.614 [info] ExtensionService#_doActivateExtension rvest.vs-code-prettier-eslint, startup: false, activationEvent: 'onLanguage:json'
2025-04-15 12:07:18.247 [info] ExtensionService#_doActivateExtension vscode.typescript-language-features, startup: false, activationEvent: 'onLanguage:jsonc'
2025-04-15 12:07:18.548 [warning] vscode.json-language-features - Code actions of kind 'quickfix' requested but returned code action is of kind 'source.sort.json'. Code action will be dropped. Please check 'CodeActionContext.only' to only return requested code actions.
2025-04-15 12:07:18.576 [warning] vscode.json-language-features - Code actions of kind 'quickfix' requested but returned code action is of kind 'source.sort.json'. Code action will be dropped. Please check 'CodeActionContext.only' to only return requested code actions.
2025-04-15 12:07:18.578 [warning] vscode.json-language-features - Code actions of kind 'quickfix' requested but returned code action is of kind 'source.sort.json'. Code action will be dropped. Please check 'CodeActionContext.only' to only return requested code actions.
2025-04-15 12:07:18.579 [warning] vscode.json-language-features - Code actions of kind 'quickfix' requested but returned code action is of kind 'source.sort.json'. Code action will be dropped. Please check 'CodeActionContext.only' to only return requested code actions.
2025-04-15 12:07:18.580 [warning] vscode.json-language-features - Code actions of kind 'quickfix' requested but returned code action is of kind 'source.sort.json'. Code action will be dropped. Please check 'CodeActionContext.only' to only return requested code actions.
2025-04-15 12:07:18.581 [warning] vscode.json-language-features - Code actions of kind 'quickfix' requested but returned code action is of kind 'source.sort.json'. Code action will be dropped. Please check 'CodeActionContext.only' to only return requested code actions.
2025-04-15 12:07:18.586 [warning] vscode.json-language-features - Code actions of kind 'quickfix' requested but returned code action is of kind 'source.sort.json'. Code action will be dropped. Please check 'CodeActionContext.only' to only return requested code actions.
2025-04-15 12:07:18.587 [warning] vscode.json-language-features - Code actions of kind 'quickfix' requested but returned code action is of kind 'source.sort.json'. Code action will be dropped. Please check 'CodeActionContext.only' to only return requested code actions.
2025-04-15 12:07:18.588 [warning] vscode.json-language-features - Code actions of kind 'quickfix' requested but returned code action is of kind 'source.sort.json'. Code action will be dropped. Please check 'CodeActionContext.only' to only return requested code actions.
2025-04-15 12:07:19.481 [warning] vscode.json-language-features - Code actions of kind 'quickfix' requested but returned code action is of kind 'source.sort.json'. Code action will be dropped. Please check 'CodeActionContext.only' to only return requested code actions.
2025-04-15 12:07:19.482 [warning] vscode.json-language-features - Code actions of kind 'quickfix' requested but returned code action is of kind 'source.sort.json'. Code action will be dropped. Please check 'CodeActionContext.only' to only return requested code actions.
2025-04-15 12:07:19.484 [warning] vscode.json-language-features - Code actions of kind 'quickfix' requested but returned code action is of kind 'source.sort.json'. Code action will be dropped. Please check 'CodeActionContext.only' to only return requested code actions.
2025-04-15 12:07:19.484 [warning] vscode.json-language-features - Code actions of kind 'quickfix' requested but returned code action is of kind 'source.sort.json'. Code action will be dropped. Please check 'CodeActionContext.only' to only return requested code actions.
2025-04-15 12:07:19.485 [warning] vscode.json-language-features - Code actions of kind 'quickfix' requested but returned code action is of kind 'source.sort.json'. Code action will be dropped. Please check 'CodeActionContext.only' to only return requested code actions.
2025-04-15 12:07:19.485 [warning] vscode.json-language-features - Code actions of kind 'quickfix' requested but returned code action is of kind 'source.sort.json'. Code action will be dropped. Please check 'CodeActionContext.only' to only return requested code actions.
2025-04-15 12:07:19.486 [warning] vscode.json-language-features - Code actions of kind 'quickfix' requested but returned code action is of kind 'source.sort.json'. Code action will be dropped. Please check 'CodeActionContext.only' to only return requested code actions.
2025-04-15 12:07:19.486 [warning] vscode.json-language-features - Code actions of kind 'quickfix' requested but returned code action is of kind 'source.sort.json'. Code action will be dropped. Please check 'CodeActionContext.only' to only return requested code actions.
2025-04-15 12:07:19.487 [warning] vscode.json-language-features - Code actions of kind 'quickfix' requested but returned code action is of kind 'source.sort.json'. Code action will be dropped. Please check 'CodeActionContext.only' to only return requested code actions.
2025-04-15 12:07:19.487 [warning] vscode.json-language-features - Code actions of kind 'quickfix' requested but returned code action is of kind 'source.sort.json'. Code action will be dropped. Please check 'CodeActionContext.only' to only return requested code actions.
2025-04-15 12:07:19.488 [warning] vscode.json-language-features - Code actions of kind 'quickfix' requested but returned code action is of kind 'source.sort.json'. Code action will be dropped. Please check 'CodeActionContext.only' to only return requested code actions.
2025-04-15 12:07:19.488 [warning] vscode.json-language-features - Code actions of kind 'quickfix' requested but returned code action is of kind 'source.sort.json'. Code action will be dropped. Please check 'CodeActionContext.only' to only return requested code actions.
2025-04-15 12:07:19.489 [warning] vscode.json-language-features - Code actions of kind 'quickfix' requested but returned code action is of kind 'source.sort.json'. Code action will be dropped. Please check 'CodeActionContext.only' to only return requested code actions.
2025-04-15 12:07:19.489 [warning] vscode.json-language-features - Code actions of kind 'quickfix' requested but returned code action is of kind 'source.sort.json'. Code action will be dropped. Please check 'CodeActionContext.only' to only return requested code actions.
2025-04-15 12:07:19.490 [warning] vscode.json-language-features - Code actions of kind 'quickfix' requested but returned code action is of kind 'source.sort.json'. Code action will be dropped. Please check 'CodeActionContext.only' to only return requested code actions.
2025-04-15 12:07:19.490 [warning] vscode.json-language-features - Code actions of kind 'quickfix' requested but returned code action is of kind 'source.sort.json'. Code action will be dropped. Please check 'CodeActionContext.only' to only return requested code actions.
2025-04-15 12:07:19.491 [warning] vscode.json-language-features - Code actions of kind 'quickfix' requested but returned code action is of kind 'source.sort.json'. Code action will be dropped. Please check 'CodeActionContext.only' to only return requested code actions.
2025-04-15 12:07:19.491 [warning] vscode.json-language-features - Code actions of kind 'quickfix' requested but returned code action is of kind 'source.sort.json'. Code action will be dropped. Please check 'CodeActionContext.only' to only return requested code actions.
2025-04-15 12:07:20.310 [warning] vscode.json-language-features - Code actions of kind 'quickfix' requested but returned code action is of kind 'source.sort.json'. Code action will be dropped. Please check 'CodeActionContext.only' to only return requested code actions.
2025-04-15 12:07:20.311 [warning] vscode.json-language-features - Code actions of kind 'quickfix' requested but returned code action is of kind 'source.sort.json'. Code action will be dropped. Please check 'CodeActionContext.only' to only return requested code actions.
2025-04-15 12:07:20.312 [warning] vscode.json-language-features - Code actions of kind 'quickfix' requested but returned code action is of kind 'source.sort.json'. Code action will be dropped. Please check 'CodeActionContext.only' to only return requested code actions.
2025-04-15 12:07:20.313 [warning] vscode.json-language-features - Code actions of kind 'quickfix' requested but returned code action is of kind 'source.sort.json'. Code action will be dropped. Please check 'CodeActionContext.only' to only return requested code actions.
2025-04-15 12:07:20.314 [warning] vscode.json-language-features - Code actions of kind 'quickfix' requested but returned code action is of kind 'source.sort.json'. Code action will be dropped. Please check 'CodeActionContext.only' to only return requested code actions.
2025-04-15 12:07:20.315 [warning] vscode.json-language-features - Code actions of kind 'quickfix' requested but returned code action is of kind 'source.sort.json'. Code action will be dropped. Please check 'CodeActionContext.only' to only return requested code actions.
2025-04-15 12:07:20.315 [warning] vscode.json-language-features - Code actions of kind 'quickfix' requested but returned code action is of kind 'source.sort.json'. Code action will be dropped. Please check 'CodeActionContext.only' to only return requested code actions.
2025-04-15 12:07:20.316 [warning] vscode.json-language-features - Code actions of kind 'quickfix' requested but returned code action is of kind 'source.sort.json'. Code action will be dropped. Please check 'CodeActionContext.only' to only return requested code actions.
2025-04-15 12:07:20.317 [warning] vscode.json-language-features - Code actions of kind 'quickfix' requested but returned code action is of kind 'source.sort.json'. Code action will be dropped. Please check 'CodeActionContext.only' to only return requested code actions.
2025-04-15 12:07:23.730 [warning] vscode.json-language-features - Code actions of kind 'quickfix' requested but returned code action is of kind 'source.sort.json'. Code action will be dropped. Please check 'CodeActionContext.only' to only return requested code actions.
2025-04-15 12:07:23.732 [warning] vscode.json-language-features - Code actions of kind 'quickfix' requested but returned code action is of kind 'source.sort.json'. Code action will be dropped. Please check 'CodeActionContext.only' to only return requested code actions.
2025-04-15 12:07:23.732 [warning] vscode.json-language-features - Code actions of kind 'quickfix' requested but returned code action is of kind 'source.sort.json'. Code action will be dropped. Please check 'CodeActionContext.only' to only return requested code actions.
2025-04-15 12:07:23.734 [warning] vscode.json-language-features - Code actions of kind 'quickfix' requested but returned code action is of kind 'source.sort.json'. Code action will be dropped. Please check 'CodeActionContext.only' to only return requested code actions.
2025-04-15 12:07:23.734 [warning] vscode.json-language-features - Code actions of kind 'quickfix' requested but returned code action is of kind 'source.sort.json'. Code action will be dropped. Please check 'CodeActionContext.only' to only return requested code actions.
2025-04-15 12:07:23.735 [warning] vscode.json-language-features - Code actions of kind 'quickfix' requested but returned code action is of kind 'source.sort.json'. Code action will be dropped. Please check 'CodeActionContext.only' to only return requested code actions.
2025-04-15 12:07:23.736 [warning] vscode.json-language-features - Code actions of kind 'quickfix' requested but returned code action is of kind 'source.sort.json'. Code action will be dropped. Please check 'CodeActionContext.only' to only return requested code actions.
2025-04-15 12:07:23.737 [warning] vscode.json-language-features - Code actions of kind 'quickfix' requested but returned code action is of kind 'source.sort.json'. Code action will be dropped. Please check 'CodeActionContext.only' to only return requested code actions.
2025-04-15 12:07:23.737 [warning] vscode.json-language-features - Code actions of kind 'quickfix' requested but returned code action is of kind 'source.sort.json'. Code action will be dropped. Please check 'CodeActionContext.only' to only return requested code actions.
2025-04-15 12:07:26.077 [warning] vscode.json-language-features - Code actions of kind 'quickfix' requested but returned code action is of kind 'source.sort.json'. Code action will be dropped. Please check 'CodeActionContext.only' to only return requested code actions.
2025-04-15 12:07:31.607 [warning] vscode.json-language-features - Code actions of kind 'quickfix' requested but returned code action is of kind 'source.sort.json'. Code action will be dropped. Please check 'CodeActionContext.only' to only return requested code actions.
2025-04-15 12:07:31.610 [warning] vscode.json-language-features - Code actions of kind 'quickfix' requested but returned code action is of kind 'source.sort.json'. Code action will be dropped. Please check 'CodeActionContext.only' to only return requested code actions.
2025-04-15 12:07:31.611 [warning] vscode.json-language-features - Code actions of kind 'quickfix' requested but returned code action is of kind 'source.sort.json'. Code action will be dropped. Please check 'CodeActionContext.only' to only return requested code actions.
2025-04-15 12:07:31.612 [warning] vscode.json-language-features - Code actions of kind 'quickfix' requested but returned code action is of kind 'source.sort.json'. Code action will be dropped. Please check 'CodeActionContext.only' to only return requested code actions.
2025-04-15 12:07:31.613 [warning] vscode.json-language-features - Code actions of kind 'quickfix' requested but returned code action is of kind 'source.sort.json'. Code action will be dropped. Please check 'CodeActionContext.only' to only return requested code actions.
2025-04-15 12:07:31.614 [warning] vscode.json-language-features - Code actions of kind 'quickfix' requested but returned code action is of kind 'source.sort.json'. Code action will be dropped. Please check 'CodeActionContext.only' to only return requested code actions.
2025-04-15 12:07:31.615 [warning] vscode.json-language-features - Code actions of kind 'quickfix' requested but returned code action is of kind 'source.sort.json'. Code action will be dropped. Please check 'CodeActionContext.only' to only return requested code actions.
2025-04-15 12:07:31.615 [warning] vscode.json-language-features - Code actions of kind 'quickfix' requested but returned code action is of kind 'source.sort.json'. Code action will be dropped. Please check 'CodeActionContext.only' to only return requested code actions.
2025-04-15 12:07:31.616 [warning] vscode.json-language-features - Code actions of kind 'quickfix' requested but returned code action is of kind 'source.sort.json'. Code action will be dropped. Please check 'CodeActionContext.only' to only return requested code actions.
2025-04-15 12:07:33.873 [warning] vscode.json-language-features - Code actions of kind 'quickfix' requested but returned code action is of kind 'source.sort.json'. Code action will be dropped. Please check 'CodeActionContext.only' to only return requested code actions.
2025-04-15 12:07:33.877 [warning] vscode.json-language-features - Code actions of kind 'quickfix' requested but returned code action is of kind 'source.sort.json'. Code action will be dropped. Please check 'CodeActionContext.only' to only return requested code actions.
2025-04-15 12:07:33.878 [warning] vscode.json-language-features - Code actions of kind 'quickfix' requested but returned code action is of kind 'source.sort.json'. Code action will be dropped. Please check 'CodeActionContext.only' to only return requested code actions.
2025-04-15 12:07:33.879 [warning] vscode.json-language-features - Code actions of kind 'quickfix' requested but returned code action is of kind 'source.sort.json'. Code action will be dropped. Please check 'CodeActionContext.only' to only return requested code actions.
2025-04-15 12:07:33.880 [warning] vscode.json-language-features - Code actions of kind 'quickfix' requested but returned code action is of kind 'source.sort.json'. Code action will be dropped. Please check 'CodeActionContext.only' to only return requested code actions.
2025-04-15 12:07:33.880 [warning] vscode.json-language-features - Code actions of kind 'quickfix' requested but returned code action is of kind 'source.sort.json'. Code action will be dropped. Please check 'CodeActionContext.only' to only return requested code actions.
2025-04-15 12:07:33.881 [warning] vscode.json-language-features - Code actions of kind 'quickfix' requested but returned code action is of kind 'source.sort.json'. Code action will be dropped. Please check 'CodeActionContext.only' to only return requested code actions.
2025-04-15 12:07:33.882 [warning] vscode.json-language-features - Code actions of kind 'quickfix' requested but returned code action is of kind 'source.sort.json'. Code action will be dropped. Please check 'CodeActionContext.only' to only return requested code actions.
2025-04-15 12:07:33.883 [warning] vscode.json-language-features - Code actions of kind 'quickfix' requested but returned code action is of kind 'source.sort.json'. Code action will be dropped. Please check 'CodeActionContext.only' to only return requested code actions.
2025-04-15 12:07:33.883 [warning] vscode.json-language-features - Code actions of kind 'quickfix' requested but returned code action is of kind 'source.sort.json'. Code action will be dropped. Please check 'CodeActionContext.only' to only return requested code actions.
2025-04-15 12:07:33.884 [warning] vscode.json-language-features - Code actions of kind 'quickfix' requested but returned code action is of kind 'source.sort.json'. Code action will be dropped. Please check 'CodeActionContext.only' to only return requested code actions.
2025-04-15 12:07:34.890 [warning] vscode.json-language-features - Code actions of kind 'quickfix' requested but returned code action is of kind 'source.sort.json'. Code action will be dropped. Please check 'CodeActionContext.only' to only return requested code actions.
2025-04-15 12:07:34.891 [warning] vscode.json-language-features - Code actions of kind 'quickfix' requested but returned code action is of kind 'source.sort.json'. Code action will be dropped. Please check 'CodeActionContext.only' to only return requested code actions.
2025-04-15 12:07:34.892 [warning] vscode.json-language-features - Code actions of kind 'quickfix' requested but returned code action is of kind 'source.sort.json'. Code action will be dropped. Please check 'CodeActionContext.only' to only return requested code actions.
2025-04-15 12:07:34.893 [warning] vscode.json-language-features - Code actions of kind 'quickfix' requested but returned code action is of kind 'source.sort.json'. Code action will be dropped. Please check 'CodeActionContext.only' to only return requested code actions.
2025-04-15 12:07:34.894 [warning] vscode.json-language-features - Code actions of kind 'quickfix' requested but returned code action is of kind 'source.sort.json'. Code action will be dropped. Please check 'CodeActionContext.only' to only return requested code actions.
2025-04-15 12:07:34.895 [warning] vscode.json-language-features - Code actions of kind 'quickfix' requested but returned code action is of kind 'source.sort.json'. Code action will be dropped. Please check 'CodeActionContext.only' to only return requested code actions.
2025-04-15 12:07:34.895 [warning] vscode.json-language-features - Code actions of kind 'quickfix' requested but returned code action is of kind 'source.sort.json'. Code action will be dropped. Please check 'CodeActionContext.only' to only return requested code actions.
2025-04-15 12:07:34.896 [warning] vscode.json-language-features - Code actions of kind 'quickfix' requested but returned code action is of kind 'source.sort.json'. Code action will be dropped. Please check 'CodeActionContext.only' to only return requested code actions.
2025-04-15 12:07:34.897 [warning] vscode.json-language-features - Code actions of kind 'quickfix' requested but returned code action is of kind 'source.sort.json'. Code action will be dropped. Please check 'CodeActionContext.only' to only return requested code actions.
2025-04-15 12:07:35.944 [warning] vscode.json-language-features - Code actions of kind 'quickfix' requested but returned code action is of kind 'source.sort.json'. Code action will be dropped. Please check 'CodeActionContext.only' to only return requested code actions.
2025-04-15 12:07:35.945 [warning] vscode.json-language-features - Code actions of kind 'quickfix' requested but returned code action is of kind 'source.sort.json'. Code action will be dropped. Please check 'CodeActionContext.only' to only return requested code actions.
2025-04-15 12:07:35.946 [warning] vscode.json-language-features - Code actions of kind 'quickfix' requested but returned code action is of kind 'source.sort.json'. Code action will be dropped. Please check 'CodeActionContext.only' to only return requested code actions.
2025-04-15 12:07:35.947 [warning] vscode.json-language-features - Code actions of kind 'quickfix' requested but returned code action is of kind 'source.sort.json'. Code action will be dropped. Please check 'CodeActionContext.only' to only return requested code actions.
2025-04-15 12:07:35.948 [warning] vscode.json-language-features - Code actions of kind 'quickfix' requested but returned code action is of kind 'source.sort.json'. Code action will be dropped. Please check 'CodeActionContext.only' to only return requested code actions.
2025-04-15 12:07:35.948 [warning] vscode.json-language-features - Code actions of kind 'quickfix' requested but returned code action is of kind 'source.sort.json'. Code action will be dropped. Please check 'CodeActionContext.only' to only return requested code actions.
2025-04-15 12:07:35.949 [warning] vscode.json-language-features - Code actions of kind 'quickfix' requested but returned code action is of kind 'source.sort.json'. Code action will be dropped. Please check 'CodeActionContext.only' to only return requested code actions.
2025-04-15 12:07:35.950 [warning] vscode.json-language-features - Code actions of kind 'quickfix' requested but returned code action is of kind 'source.sort.json'. Code action will be dropped. Please check 'CodeActionContext.only' to only return requested code actions.
2025-04-15 12:07:35.950 [warning] vscode.json-language-features - Code actions of kind 'quickfix' requested but returned code action is of kind 'source.sort.json'. Code action will be dropped. Please check 'CodeActionContext.only' to only return requested code actions.
2025-04-15 12:07:37.631 [warning] vscode.json-language-features - Code actions of kind 'quickfix' requested but returned code action is of kind 'source.sort.json'. Code action will be dropped. Please check 'CodeActionContext.only' to only return requested code actions.
2025-04-15 12:07:37.648 [warning] vscode.json-language-features - Code actions of kind 'quickfix' requested but returned code action is of kind 'source.sort.json'. Code action will be dropped. Please check 'CodeActionContext.only' to only return requested code actions.
2025-04-15 12:07:37.648 [warning] vscode.json-language-features - Code actions of kind 'quickfix' requested but returned code action is of kind 'source.sort.json'. Code action will be dropped. Please check 'CodeActionContext.only' to only return requested code actions.
2025-04-15 12:07:37.651 [warning] vscode.json-language-features - Code actions of kind 'quickfix' requested but returned code action is of kind 'source.sort.json'. Code action will be dropped. Please check 'CodeActionContext.only' to only return requested code actions.
2025-04-15 12:07:37.651 [warning] vscode.json-language-features - Code actions of kind 'quickfix' requested but returned code action is of kind 'source.sort.json'. Code action will be dropped. Please check 'CodeActionContext.only' to only return requested code actions.
2025-04-15 12:07:37.652 [warning] vscode.json-language-features - Code actions of kind 'quickfix' requested but returned code action is of kind 'source.sort.json'. Code action will be dropped. Please check 'CodeActionContext.only' to only return requested code actions.
2025-04-15 12:07:37.652 [warning] vscode.json-language-features - Code actions of kind 'quickfix' requested but returned code action is of kind 'source.sort.json'. Code action will be dropped. Please check 'CodeActionContext.only' to only return requested code actions.
2025-04-15 12:07:37.653 [warning] vscode.json-language-features - Code actions of kind 'quickfix' requested but returned code action is of kind 'source.sort.json'. Code action will be dropped. Please check 'CodeActionContext.only' to only return requested code actions.
2025-04-15 12:07:37.653 [warning] vscode.json-language-features - Code actions of kind 'quickfix' requested but returned code action is of kind 'source.sort.json'. Code action will be dropped. Please check 'CodeActionContext.only' to only return requested code actions.
2025-04-15 12:07:37.653 [warning] vscode.json-language-features - Code actions of kind 'quickfix' requested but returned code action is of kind 'source.sort.json'. Code action will be dropped. Please check 'CodeActionContext.only' to only return requested code actions.
2025-04-15 12:07:37.654 [warning] vscode.json-language-features - Code actions of kind 'quickfix' requested but returned code action is of kind 'source.sort.json'. Code action will be dropped. Please check 'CodeActionContext.only' to only return requested code actions.
2025-04-15 12:07:37.654 [warning] vscode.json-language-features - Code actions of kind 'quickfix' requested but returned code action is of kind 'source.sort.json'. Code action will be dropped. Please check 'CodeActionContext.only' to only return requested code actions.
2025-04-15 12:07:37.654 [warning] vscode.json-language-features - Code actions of kind 'quickfix' requested but returned code action is of kind 'source.sort.json'. Code action will be dropped. Please check 'CodeActionContext.only' to only return requested code actions.
2025-04-15 12:07:37.655 [warning] vscode.json-language-features - Code actions of kind 'quickfix' requested but returned code action is of kind 'source.sort.json'. Code action will be dropped. Please check 'CodeActionContext.only' to only return requested code actions.
2025-04-15 12:07:37.655 [warning] vscode.json-language-features - Code actions of kind 'quickfix' requested but returned code action is of kind 'source.sort.json'. Code action will be dropped. Please check 'CodeActionContext.only' to only return requested code actions.
2025-04-15 12:07:37.656 [warning] vscode.json-language-features - Code actions of kind 'quickfix' requested but returned code action is of kind 'source.sort.json'. Code action will be dropped. Please check 'CodeActionContext.only' to only return requested code actions.
2025-04-15 12:07:37.656 [warning] vscode.json-language-features - Code actions of kind 'quickfix' requested but returned code action is of kind 'source.sort.json'. Code action will be dropped. Please check 'CodeActionContext.only' to only return requested code actions.
2025-04-15 12:07:37.656 [warning] vscode.json-language-features - Code actions of kind 'quickfix' requested but returned code action is of kind 'source.sort.json'. Code action will be dropped. Please check 'CodeActionContext.only' to only return requested code actions.
2025-04-15 12:07:37.657 [warning] vscode.json-language-features - Code actions of kind 'quickfix' requested but returned code action is of kind 'source.sort.json'. Code action will be dropped. Please check 'CodeActionContext.only' to only return requested code actions.
2025-04-15 12:07:37.657 [warning] vscode.json-language-features - Code actions of kind 'quickfix' requested but returned code action is of kind 'source.sort.json'. Code action will be dropped. Please check 'CodeActionContext.only' to only return requested code actions.
2025-04-15 12:07:37.657 [warning] vscode.json-language-features - Code actions of kind 'quickfix' requested but returned code action is of kind 'source.sort.json'. Code action will be dropped. Please check 'CodeActionContext.only' to only return requested code actions.
2025-04-15 12:07:37.658 [warning] vscode.json-language-features - Code actions of kind 'quickfix' requested but returned code action is of kind 'source.sort.json'. Code action will be dropped. Please check 'CodeActionContext.only' to only return requested code actions.
2025-04-15 12:07:37.658 [warning] vscode.json-language-features - Code actions of kind 'quickfix' requested but returned code action is of kind 'source.sort.json'. Code action will be dropped. Please check 'CodeActionContext.only' to only return requested code actions.
2025-04-15 12:07:37.659 [warning] vscode.json-language-features - Code actions of kind 'quickfix' requested but returned code action is of kind 'source.sort.json'. Code action will be dropped. Please check 'CodeActionContext.only' to only return requested code actions.
2025-04-15 12:07:37.659 [warning] vscode.json-language-features - Code actions of kind 'quickfix' requested but returned code action is of kind 'source.sort.json'. Code action will be dropped. Please check 'CodeActionContext.only' to only return requested code actions.
2025-04-15 12:07:37.660 [warning] vscode.json-language-features - Code actions of kind 'quickfix' requested but returned code action is of kind 'source.sort.json'. Code action will be dropped. Please check 'CodeActionContext.only' to only return requested code actions.
2025-04-15 12:07:37.660 [warning] vscode.json-language-features - Code actions of kind 'quickfix' requested but returned code action is of kind 'source.sort.json'. Code action will be dropped. Please check 'CodeActionContext.only' to only return requested code actions.
2025-04-15 12:07:37.810 [warning] vscode.json-language-features - Code actions of kind 'quickfix' requested but returned code action is of kind 'source.sort.json'. Code action will be dropped. Please check 'CodeActionContext.only' to only return requested code actions.
2025-04-15 12:07:37.811 [warning] vscode.json-language-features - Code actions of kind 'quickfix' requested but returned code action is of kind 'source.sort.json'. Code action will be dropped. Please check 'CodeActionContext.only' to only return requested code actions.
2025-04-15 12:07:37.812 [warning] vscode.json-language-features - Code actions of kind 'quickfix' requested but returned code action is of kind 'source.sort.json'. Code action will be dropped. Please check 'CodeActionContext.only' to only return requested code actions.
2025-04-15 12:07:37.812 [warning] vscode.json-language-features - Code actions of kind 'quickfix' requested but returned code action is of kind 'source.sort.json'. Code action will be dropped. Please check 'CodeActionContext.only' to only return requested code actions.
2025-04-15 12:07:37.813 [warning] vscode.json-language-features - Code actions of kind 'quickfix' requested but returned code action is of kind 'source.sort.json'. Code action will be dropped. Please check 'CodeActionContext.only' to only return requested code actions.
2025-04-15 12:07:37.813 [warning] vscode.json-language-features - Code actions of kind 'quickfix' requested but returned code action is of kind 'source.sort.json'. Code action will be dropped. Please check 'CodeActionContext.only' to only return requested code actions.
2025-04-15 12:07:37.814 [warning] vscode.json-language-features - Code actions of kind 'quickfix' requested but returned code action is of kind 'source.sort.json'. Code action will be dropped. Please check 'CodeActionContext.only' to only return requested code actions.
2025-04-15 12:07:37.815 [warning] vscode.json-language-features - Code actions of kind 'quickfix' requested but returned code action is of kind 'source.sort.json'. Code action will be dropped. Please check 'CodeActionContext.only' to only return requested code actions.
2025-04-15 12:07:37.816 [warning] vscode.json-language-features - Code actions of kind 'quickfix' requested but returned code action is of kind 'source.sort.json'. Code action will be dropped. Please check 'CodeActionContext.only' to only return requested code actions.
2025-04-15 12:07:37.816 [warning] vscode.json-language-features - Code actions of kind 'quickfix' requested but returned code action is of kind 'source.sort.json'. Code action will be dropped. Please check 'CodeActionContext.only' to only return requested code actions.
2025-04-15 12:07:37.817 [warning] vscode.json-language-features - Code actions of kind 'quickfix' requested but returned code action is of kind 'source.sort.json'. Code action will be dropped. Please check 'CodeActionContext.only' to only return requested code actions.
2025-04-15 12:07:37.817 [warning] vscode.json-language-features - Code actions of kind 'quickfix' requested but returned code action is of kind 'source.sort.json'. Code action will be dropped. Please check 'CodeActionContext.only' to only return requested code actions.
2025-04-15 12:07:37.818 [warning] vscode.json-language-features - Code actions of kind 'quickfix' requested but returned code action is of kind 'source.sort.json'. Code action will be dropped. Please check 'CodeActionContext.only' to only return requested code actions.
2025-04-15 12:07:37.818 [warning] vscode.json-language-features - Code actions of kind 'quickfix' requested but returned code action is of kind 'source.sort.json'. Code action will be dropped. Please check 'CodeActionContext.only' to only return requested code actions.
2025-04-15 12:07:37.819 [warning] vscode.json-language-features - Code actions of kind 'quickfix' requested but returned code action is of kind 'source.sort.json'. Code action will be dropped. Please check 'CodeActionContext.only' to only return requested code actions.
2025-04-15 12:07:37.819 [warning] vscode.json-language-features - Code actions of kind 'quickfix' requested but returned code action is of kind 'source.sort.json'. Code action will be dropped. Please check 'CodeActionContext.only' to only return requested code actions.
2025-04-15 12:07:37.820 [warning] vscode.json-language-features - Code actions of kind 'quickfix' requested but returned code action is of kind 'source.sort.json'. Code action will be dropped. Please check 'CodeActionContext.only' to only return requested code actions.
2025-04-15 12:07:37.820 [warning] vscode.json-language-features - Code actions of kind 'quickfix' requested but returned code action is of kind 'source.sort.json'. Code action will be dropped. Please check 'CodeActionContext.only' to only return requested code actions.
2025-04-15 12:07:37.887 [warning] vscode.json-language-features - Code actions of kind 'quickfix' requested but returned code action is of kind 'source.sort.json'. Code action will be dropped. Please check 'CodeActionContext.only' to only return requested code actions.
2025-04-15 12:07:37.887 [warning] vscode.json-language-features - Code actions of kind 'quickfix' requested but returned code action is of kind 'source.sort.json'. Code action will be dropped. Please check 'CodeActionContext.only' to only return requested code actions.
2025-04-15 12:07:37.889 [warning] vscode.json-language-features - Code actions of kind 'quickfix' requested but returned code action is of kind 'source.sort.json'. Code action will be dropped. Please check 'CodeActionContext.only' to only return requested code actions.
2025-04-15 12:07:37.889 [warning] vscode.json-language-features - Code actions of kind 'quickfix' requested but returned code action is of kind 'source.sort.json'. Code action will be dropped. Please check 'CodeActionContext.only' to only return requested code actions.
2025-04-15 12:07:37.889 [warning] vscode.json-language-features - Code actions of kind 'quickfix' requested but returned code action is of kind 'source.sort.json'. Code action will be dropped. Please check 'CodeActionContext.only' to only return requested code actions.
2025-04-15 12:07:37.890 [warning] vscode.json-language-features - Code actions of kind 'quickfix' requested but returned code action is of kind 'source.sort.json'. Code action will be dropped. Please check 'CodeActionContext.only' to only return requested code actions.
2025-04-15 12:07:37.890 [warning] vscode.json-language-features - Code actions of kind 'quickfix' requested but returned code action is of kind 'source.sort.json'. Code action will be dropped. Please check 'CodeActionContext.only' to only return requested code actions.
2025-04-15 12:07:37.890 [warning] vscode.json-language-features - Code actions of kind 'quickfix' requested but returned code action is of kind 'source.sort.json'. Code action will be dropped. Please check 'CodeActionContext.only' to only return requested code actions.
2025-04-15 12:07:37.891 [warning] vscode.json-language-features - Code actions of kind 'quickfix' requested but returned code action is of kind 'source.sort.json'. Code action will be dropped. Please check 'CodeActionContext.only' to only return requested code actions.
2025-04-15 12:07:37.891 [warning] vscode.json-language-features - Code actions of kind 'quickfix' requested but returned code action is of kind 'source.sort.json'. Code action will be dropped. Please check 'CodeActionContext.only' to only return requested code actions.
2025-04-15 12:07:37.892 [warning] vscode.json-language-features - Code actions of kind 'quickfix' requested but returned code action is of kind 'source.sort.json'. Code action will be dropped. Please check 'CodeActionContext.only' to only return requested code actions.
2025-04-15 12:07:37.902 [warning] vscode.json-language-features - Code actions of kind 'quickfix' requested but returned code action is of kind 'source.sort.json'. Code action will be dropped. Please check 'CodeActionContext.only' to only return requested code actions.
2025-04-15 12:07:37.903 [warning] vscode.json-language-features - Code actions of kind 'quickfix' requested but returned code action is of kind 'source.sort.json'. Code action will be dropped. Please check 'CodeActionContext.only' to only return requested code actions.
2025-04-15 12:07:37.904 [warning] vscode.json-language-features - Code actions of kind 'quickfix' requested but returned code action is of kind 'source.sort.json'. Code action will be dropped. Please check 'CodeActionContext.only' to only return requested code actions.
2025-04-15 12:07:37.905 [warning] vscode.json-language-features - Code actions of kind 'quickfix' requested but returned code action is of kind 'source.sort.json'. Code action will be dropped. Please check 'CodeActionContext.only' to only return requested code actions.
2025-04-15 12:07:37.905 [warning] vscode.json-language-features - Code actions of kind 'quickfix' requested but returned code action is of kind 'source.sort.json'. Code action will be dropped. Please check 'CodeActionContext.only' to only return requested code actions.
2025-04-15 12:07:37.905 [warning] vscode.json-language-features - Code actions of kind 'quickfix' requested but returned code action is of kind 'source.sort.json'. Code action will be dropped. Please check 'CodeActionContext.only' to only return requested code actions.
2025-04-15 12:07:37.906 [warning] vscode.json-language-features - Code actions of kind 'quickfix' requested but returned code action is of kind 'source.sort.json'. Code action will be dropped. Please check 'CodeActionContext.only' to only return requested code actions.
2025-04-15 12:07:38.141 [warning] vscode.json-language-features - Code actions of kind 'quickfix' requested but returned code action is of kind 'source.sort.json'. Code action will be dropped. Please check 'CodeActionContext.only' to only return requested code actions.
2025-04-15 12:07:38.142 [warning] vscode.json-language-features - Code actions of kind 'quickfix' requested but returned code action is of kind 'source.sort.json'. Code action will be dropped. Please check 'CodeActionContext.only' to only return requested code actions.
2025-04-15 12:07:38.142 [warning] vscode.json-language-features - Code actions of kind 'quickfix' requested but returned code action is of kind 'source.sort.json'. Code action will be dropped. Please check 'CodeActionContext.only' to only return requested code actions.
2025-04-15 12:07:38.143 [warning] vscode.json-language-features - Code actions of kind 'quickfix' requested but returned code action is of kind 'source.sort.json'. Code action will be dropped. Please check 'CodeActionContext.only' to only return requested code actions.
2025-04-15 12:07:38.143 [warning] vscode.json-language-features - Code actions of kind 'quickfix' requested but returned code action is of kind 'source.sort.json'. Code action will be dropped. Please check 'CodeActionContext.only' to only return requested code actions.
2025-04-15 12:07:38.143 [warning] vscode.json-language-features - Code actions of kind 'quickfix' requested but returned code action is of kind 'source.sort.json'. Code action will be dropped. Please check 'CodeActionContext.only' to only return requested code actions.
2025-04-15 12:07:38.144 [warning] vscode.json-language-features - Code actions of kind 'quickfix' requested but returned code action is of kind 'source.sort.json'. Code action will be dropped. Please check 'CodeActionContext.only' to only return requested code actions.
2025-04-15 12:07:38.144 [warning] vscode.json-language-features - Code actions of kind 'quickfix' requested but returned code action is of kind 'source.sort.json'. Code action will be dropped. Please check 'CodeActionContext.only' to only return requested code actions.
2025-04-15 12:07:38.145 [warning] vscode.json-language-features - Code actions of kind 'quickfix' requested but returned code action is of kind 'source.sort.json'. Code action will be dropped. Please check 'CodeActionContext.only' to only return requested code actions.
2025-04-15 12:07:38.145 [warning] vscode.json-language-features - Code actions of kind 'quickfix' requested but returned code action is of kind 'source.sort.json'. Code action will be dropped. Please check 'CodeActionContext.only' to only return requested code actions.
2025-04-15 12:07:38.145 [warning] vscode.json-language-features - Code actions of kind 'quickfix' requested but returned code action is of kind 'source.sort.json'. Code action will be dropped. Please check 'CodeActionContext.only' to only return requested code actions.
2025-04-15 12:07:38.146 [warning] vscode.json-language-features - Code actions of kind 'quickfix' requested but returned code action is of kind 'source.sort.json'. Code action will be dropped. Please check 'CodeActionContext.only' to only return requested code actions.
2025-04-15 12:07:38.146 [warning] vscode.json-language-features - Code actions of kind 'quickfix' requested but returned code action is of kind 'source.sort.json'. Code action will be dropped. Please check 'CodeActionContext.only' to only return requested code actions.
2025-04-15 12:07:38.146 [warning] vscode.json-language-features - Code actions of kind 'quickfix' requested but returned code action is of kind 'source.sort.json'. Code action will be dropped. Please check 'CodeActionContext.only' to only return requested code actions.
2025-04-15 12:07:38.147 [warning] vscode.json-language-features - Code actions of kind 'quickfix' requested but returned code action is of kind 'source.sort.json'. Code action will be dropped. Please check 'CodeActionContext.only' to only return requested code actions.
2025-04-15 12:07:38.147 [warning] vscode.json-language-features - Code actions of kind 'quickfix' requested but returned code action is of kind 'source.sort.json'. Code action will be dropped. Please check 'CodeActionContext.only' to only return requested code actions.
2025-04-15 12:07:38.147 [warning] vscode.json-language-features - Code actions of kind 'quickfix' requested but returned code action is of kind 'source.sort.json'. Code action will be dropped. Please check 'CodeActionContext.only' to only return requested code actions.
2025-04-15 12:07:38.148 [warning] vscode.json-language-features - Code actions of kind 'quickfix' requested but returned code action is of kind 'source.sort.json'. Code action will be dropped. Please check 'CodeActionContext.only' to only return requested code actions.
2025-04-15 12:07:38.302 [warning] vscode.json-language-features - Code actions of kind 'quickfix' requested but returned code action is of kind 'source.sort.json'. Code action will be dropped. Please check 'CodeActionContext.only' to only return requested code actions.
2025-04-15 12:07:38.302 [warning] vscode.json-language-features - Code actions of kind 'quickfix' requested but returned code action is of kind 'source.sort.json'. Code action will be dropped. Please check 'CodeActionContext.only' to only return requested code actions.
2025-04-15 12:07:38.303 [warning] vscode.json-language-features - Code actions of kind 'quickfix' requested but returned code action is of kind 'source.sort.json'. Code action will be dropped. Please check 'CodeActionContext.only' to only return requested code actions.
2025-04-15 12:07:38.303 [warning] vscode.json-language-features - Code actions of kind 'quickfix' requested but returned code action is of kind 'source.sort.json'. Code action will be dropped. Please check 'CodeActionContext.only' to only return requested code actions.
2025-04-15 12:07:38.304 [warning] vscode.json-language-features - Code actions of kind 'quickfix' requested but returned code action is of kind 'source.sort.json'. Code action will be dropped. Please check 'CodeActionContext.only' to only return requested code actions.
2025-04-15 12:07:38.304 [warning] vscode.json-language-features - Code actions of kind 'quickfix' requested but returned code action is of kind 'source.sort.json'. Code action will be dropped. Please check 'CodeActionContext.only' to only return requested code actions.
2025-04-15 12:07:38.305 [warning] vscode.json-language-features - Code actions of kind 'quickfix' requested but returned code action is of kind 'source.sort.json'. Code action will be dropped. Please check 'CodeActionContext.only' to only return requested code actions.
2025-04-15 12:07:38.305 [warning] vscode.json-language-features - Code actions of kind 'quickfix' requested but returned code action is of kind 'source.sort.json'. Code action will be dropped. Please check 'CodeActionContext.only' to only return requested code actions.
2025-04-15 12:07:38.306 [warning] vscode.json-language-features - Code actions of kind 'quickfix' requested but returned code action is of kind 'source.sort.json'. Code action will be dropped. Please check 'CodeActionContext.only' to only return requested code actions.
2025-04-15 12:07:38.307 [warning] vscode.json-language-features - Code actions of kind 'quickfix' requested but returned code action is of kind 'source.sort.json'. Code action will be dropped. Please check 'CodeActionContext.only' to only return requested code actions.
2025-04-15 12:07:38.307 [warning] vscode.json-language-features - Code actions of kind 'quickfix' requested but returned code action is of kind 'source.sort.json'. Code action will be dropped. Please check 'CodeActionContext.only' to only return requested code actions.
2025-04-15 12:07:38.307 [warning] vscode.json-language-features - Code actions of kind 'quickfix' requested but returned code action is of kind 'source.sort.json'. Code action will be dropped. Please check 'CodeActionContext.only' to only return requested code actions.
2025-04-15 12:07:38.308 [warning] vscode.json-language-features - Code actions of kind 'quickfix' requested but returned code action is of kind 'source.sort.json'. Code action will be dropped. Please check 'CodeActionContext.only' to only return requested code actions.
2025-04-15 12:07:38.308 [warning] vscode.json-language-features - Code actions of kind 'quickfix' requested but returned code action is of kind 'source.sort.json'. Code action will be dropped. Please check 'CodeActionContext.only' to only return requested code actions.
2025-04-15 12:07:38.309 [warning] vscode.json-language-features - Code actions of kind 'quickfix' requested but returned code action is of kind 'source.sort.json'. Code action will be dropped. Please check 'CodeActionContext.only' to only return requested code actions.
2025-04-15 12:07:38.309 [warning] vscode.json-language-features - Code actions of kind 'quickfix' requested but returned code action is of kind 'source.sort.json'. Code action will be dropped. Please check 'CodeActionContext.only' to only return requested code actions.
2025-04-15 12:07:38.309 [warning] vscode.json-language-features - Code actions of kind 'quickfix' requested but returned code action is of kind 'source.sort.json'. Code action will be dropped. Please check 'CodeActionContext.only' to only return requested code actions.
2025-04-15 12:07:38.309 [warning] vscode.json-language-features - Code actions of kind 'quickfix' requested but returned code action is of kind 'source.sort.json'. Code action will be dropped. Please check 'CodeActionContext.only' to only return requested code actions.
2025-04-15 12:07:38.519 [warning] vscode.json-language-features - Code actions of kind 'quickfix' requested but returned code action is of kind 'source.sort.json'. Code action will be dropped. Please check 'CodeActionContext.only' to only return requested code actions.
2025-04-15 12:07:38.520 [warning] vscode.json-language-features - Code actions of kind 'quickfix' requested but returned code action is of kind 'source.sort.json'. Code action will be dropped. Please check 'CodeActionContext.only' to only return requested code actions.
2025-04-15 12:07:38.520 [warning] vscode.json-language-features - Code actions of kind 'quickfix' requested but returned code action is of kind 'source.sort.json'. Code action will be dropped. Please check 'CodeActionContext.only' to only return requested code actions.
2025-04-15 12:07:38.521 [warning] vscode.json-language-features - Code actions of kind 'quickfix' requested but returned code action is of kind 'source.sort.json'. Code action will be dropped. Please check 'CodeActionContext.only' to only return requested code actions.
2025-04-15 12:07:38.521 [warning] vscode.json-language-features - Code actions of kind 'quickfix' requested but returned code action is of kind 'source.sort.json'. Code action will be dropped. Please check 'CodeActionContext.only' to only return requested code actions.
2025-04-15 12:07:38.521 [warning] vscode.json-language-features - Code actions of kind 'quickfix' requested but returned code action is of kind 'source.sort.json'. Code action will be dropped. Please check 'CodeActionContext.only' to only return requested code actions.
2025-04-15 12:07:38.522 [warning] vscode.json-language-features - Code actions of kind 'quickfix' requested but returned code action is of kind 'source.sort.json'. Code action will be dropped. Please check 'CodeActionContext.only' to only return requested code actions.
2025-04-15 12:07:38.522 [warning] vscode.json-language-features - Code actions of kind 'quickfix' requested but returned code action is of kind 'source.sort.json'. Code action will be dropped. Please check 'CodeActionContext.only' to only return requested code actions.
2025-04-15 12:07:38.523 [warning] vscode.json-language-features - Code actions of kind 'quickfix' requested but returned code action is of kind 'source.sort.json'. Code action will be dropped. Please check 'CodeActionContext.only' to only return requested code actions.
2025-04-15 12:07:38.523 [warning] vscode.json-language-features - Code actions of kind 'quickfix' requested but returned code action is of kind 'source.sort.json'. Code action will be dropped. Please check 'CodeActionContext.only' to only return requested code actions.
2025-04-15 12:07:38.524 [warning] vscode.json-language-features - Code actions of kind 'quickfix' requested but returned code action is of kind 'source.sort.json'. Code action will be dropped. Please check 'CodeActionContext.only' to only return requested code actions.
2025-04-15 12:07:38.524 [warning] vscode.json-language-features - Code actions of kind 'quickfix' requested but returned code action is of kind 'source.sort.json'. Code action will be dropped. Please check 'CodeActionContext.only' to only return requested code actions.
2025-04-15 12:07:38.524 [warning] vscode.json-language-features - Code actions of kind 'quickfix' requested but returned code action is of kind 'source.sort.json'. Code action will be dropped. Please check 'CodeActionContext.only' to only return requested code actions.
2025-04-15 12:07:38.524 [warning] vscode.json-language-features - Code actions of kind 'quickfix' requested but returned code action is of kind 'source.sort.json'. Code action will be dropped. Please check 'CodeActionContext.only' to only return requested code actions.
2025-04-15 12:07:38.525 [warning] vscode.json-language-features - Code actions of kind 'quickfix' requested but returned code action is of kind 'source.sort.json'. Code action will be dropped. Please check 'CodeActionContext.only' to only return requested code actions.
2025-04-15 12:07:38.525 [warning] vscode.json-language-features - Code actions of kind 'quickfix' requested but returned code action is of kind 'source.sort.json'. Code action will be dropped. Please check 'CodeActionContext.only' to only return requested code actions.
2025-04-15 12:07:38.526 [warning] vscode.json-language-features - Code actions of kind 'quickfix' requested but returned code action is of kind 'source.sort.json'. Code action will be dropped. Please check 'CodeActionContext.only' to only return requested code actions.
2025-04-15 12:07:38.526 [warning] vscode.json-language-features - Code actions of kind 'quickfix' requested but returned code action is of kind 'source.sort.json'. Code action will be dropped. Please check 'CodeActionContext.only' to only return requested code actions.
2025-04-15 12:07:38.700 [warning] vscode.json-language-features - Code actions of kind 'quickfix' requested but returned code action is of kind 'source.sort.json'. Code action will be dropped. Please check 'CodeActionContext.only' to only return requested code actions.
2025-04-15 12:07:38.700 [warning] vscode.json-language-features - Code actions of kind 'quickfix' requested but returned code action is of kind 'source.sort.json'. Code action will be dropped. Please check 'CodeActionContext.only' to only return requested code actions.
2025-04-15 12:07:38.701 [warning] vscode.json-language-features - Code actions of kind 'quickfix' requested but returned code action is of kind 'source.sort.json'. Code action will be dropped. Please check 'CodeActionContext.only' to only return requested code actions.
2025-04-15 12:07:38.701 [warning] vscode.json-language-features - Code actions of kind 'quickfix' requested but returned code action is of kind 'source.sort.json'. Code action will be dropped. Please check 'CodeActionContext.only' to only return requested code actions.
2025-04-15 12:07:38.702 [warning] vscode.json-language-features - Code actions of kind 'quickfix' requested but returned code action is of kind 'source.sort.json'. Code action will be dropped. Please check 'CodeActionContext.only' to only return requested code actions.
2025-04-15 12:07:38.702 [warning] vscode.json-language-features - Code actions of kind 'quickfix' requested but returned code action is of kind 'source.sort.json'. Code action will be dropped. Please check 'CodeActionContext.only' to only return requested code actions.
2025-04-15 12:07:38.703 [warning] vscode.json-language-features - Code actions of kind 'quickfix' requested but returned code action is of kind 'source.sort.json'. Code action will be dropped. Please check 'CodeActionContext.only' to only return requested code actions.
2025-04-15 12:07:38.703 [warning] vscode.json-language-features - Code actions of kind 'quickfix' requested but returned code action is of kind 'source.sort.json'. Code action will be dropped. Please check 'CodeActionContext.only' to only return requested code actions.
2025-04-15 12:07:38.705 [warning] vscode.json-language-features - Code actions of kind 'quickfix' requested but returned code action is of kind 'source.sort.json'. Code action will be dropped. Please check 'CodeActionContext.only' to only return requested code actions.
2025-04-15 12:07:38.705 [warning] vscode.json-language-features - Code actions of kind 'quickfix' requested but returned code action is of kind 'source.sort.json'. Code action will be dropped. Please check 'CodeActionContext.only' to only return requested code actions.
2025-04-15 12:07:38.706 [warning] vscode.json-language-features - Code actions of kind 'quickfix' requested but returned code action is of kind 'source.sort.json'. Code action will be dropped. Please check 'CodeActionContext.only' to only return requested code actions.
2025-04-15 12:07:38.706 [warning] vscode.json-language-features - Code actions of kind 'quickfix' requested but returned code action is of kind 'source.sort.json'. Code action will be dropped. Please check 'CodeActionContext.only' to only return requested code actions.
2025-04-15 12:07:38.706 [warning] vscode.json-language-features - Code actions of kind 'quickfix' requested but returned code action is of kind 'source.sort.json'. Code action will be dropped. Please check 'CodeActionContext.only' to only return requested code actions.
2025-04-15 12:07:38.707 [warning] vscode.json-language-features - Code actions of kind 'quickfix' requested but returned code action is of kind 'source.sort.json'. Code action will be dropped. Please check 'CodeActionContext.only' to only return requested code actions.
2025-04-15 12:07:38.707 [warning] vscode.json-language-features - Code actions of kind 'quickfix' requested but returned code action is of kind 'source.sort.json'. Code action will be dropped. Please check 'CodeActionContext.only' to only return requested code actions.
2025-04-15 12:07:38.707 [warning] vscode.json-language-features - Code actions of kind 'quickfix' requested but returned code action is of kind 'source.sort.json'. Code action will be dropped. Please check 'CodeActionContext.only' to only return requested code actions.
2025-04-15 12:07:38.708 [warning] vscode.json-language-features - Code actions of kind 'quickfix' requested but returned code action is of kind 'source.sort.json'. Code action will be dropped. Please check 'CodeActionContext.only' to only return requested code actions.
2025-04-15 12:07:38.708 [warning] vscode.json-language-features - Code actions of kind 'quickfix' requested but returned code action is of kind 'source.sort.json'. Code action will be dropped. Please check 'CodeActionContext.only' to only return requested code actions.
2025-04-15 12:07:41.270 [warning] vscode.json-language-features - Code actions of kind 'quickfix' requested but returned code action is of kind 'source.sort.json'. Code action will be dropped. Please check 'CodeActionContext.only' to only return requested code actions.
2025-04-15 12:07:41.271 [warning] vscode.json-language-features - Code actions of kind 'quickfix' requested but returned code action is of kind 'source.sort.json'. Code action will be dropped. Please check 'CodeActionContext.only' to only return requested code actions.
2025-04-15 12:07:41.272 [warning] vscode.json-language-features - Code actions of kind 'quickfix' requested but returned code action is of kind 'source.sort.json'. Code action will be dropped. Please check 'CodeActionContext.only' to only return requested code actions.
2025-04-15 12:07:41.273 [warning] vscode.json-language-features - Code actions of kind 'quickfix' requested but returned code action is of kind 'source.sort.json'. Code action will be dropped. Please check 'CodeActionContext.only' to only return requested code actions.
2025-04-15 12:07:41.273 [warning] vscode.json-language-features - Code actions of kind 'quickfix' requested but returned code action is of kind 'source.sort.json'. Code action will be dropped. Please check 'CodeActionContext.only' to only return requested code actions.
2025-04-15 12:07:41.274 [warning] vscode.json-language-features - Code actions of kind 'quickfix' requested but returned code action is of kind 'source.sort.json'. Code action will be dropped. Please check 'CodeActionContext.only' to only return requested code actions.
2025-04-15 12:07:41.275 [warning] vscode.json-language-features - Code actions of kind 'quickfix' requested but returned code action is of kind 'source.sort.json'. Code action will be dropped. Please check 'CodeActionContext.only' to only return requested code actions.
2025-04-15 12:07:41.276 [warning] vscode.json-language-features - Code actions of kind 'quickfix' requested but returned code action is of kind 'source.sort.json'. Code action will be dropped. Please check 'CodeActionContext.only' to only return requested code actions.
2025-04-15 12:07:41.277 [warning] vscode.json-language-features - Code actions of kind 'quickfix' requested but returned code action is of kind 'source.sort.json'. Code action will be dropped. Please check 'CodeActionContext.only' to only return requested code actions.
2025-04-15 12:07:42.549 [warning] vscode.json-language-features - Code actions of kind 'quickfix' requested but returned code action is of kind 'source.sort.json'. Code action will be dropped. Please check 'CodeActionContext.only' to only return requested code actions.
2025-04-15 12:07:42.550 [warning] vscode.json-language-features - Code actions of kind 'quickfix' requested but returned code action is of kind 'source.sort.json'. Code action will be dropped. Please check 'CodeActionContext.only' to only return requested code actions.
2025-04-15 12:07:42.551 [warning] vscode.json-language-features - Code actions of kind 'quickfix' requested but returned code action is of kind 'source.sort.json'. Code action will be dropped. Please check 'CodeActionContext.only' to only return requested code actions.
2025-04-15 12:07:42.552 [warning] vscode.json-language-features - Code actions of kind 'quickfix' requested but returned code action is of kind 'source.sort.json'. Code action will be dropped. Please check 'CodeActionContext.only' to only return requested code actions.
2025-04-15 12:07:42.552 [warning] vscode.json-language-features - Code actions of kind 'quickfix' requested but returned code action is of kind 'source.sort.json'. Code action will be dropped. Please check 'CodeActionContext.only' to only return requested code actions.
2025-04-15 12:07:42.553 [warning] vscode.json-language-features - Code actions of kind 'quickfix' requested but returned code action is of kind 'source.sort.json'. Code action will be dropped. Please check 'CodeActionContext.only' to only return requested code actions.
2025-04-15 12:07:42.554 [warning] vscode.json-language-features - Code actions of kind 'quickfix' requested but returned code action is of kind 'source.sort.json'. Code action will be dropped. Please check 'CodeActionContext.only' to only return requested code actions.
2025-04-15 12:07:42.557 [warning] vscode.json-language-features - Code actions of kind 'quickfix' requested but returned code action is of kind 'source.sort.json'. Code action will be dropped. Please check 'CodeActionContext.only' to only return requested code actions.
2025-04-15 12:07:42.557 [warning] vscode.json-language-features - Code actions of kind 'quickfix' requested but returned code action is of kind 'source.sort.json'. Code action will be dropped. Please check 'CodeActionContext.only' to only return requested code actions.
2025-04-15 12:07:42.647 [warning] vscode.json-language-features - Code actions of kind 'quickfix' requested but returned code action is of kind 'source.sort.json'. Code action will be dropped. Please check 'CodeActionContext.only' to only return requested code actions.
2025-04-15 12:07:42.647 [warning] vscode.json-language-features - Code actions of kind 'quickfix' requested but returned code action is of kind 'source.sort.json'. Code action will be dropped. Please check 'CodeActionContext.only' to only return requested code actions.
2025-04-15 12:07:42.649 [warning] vscode.json-language-features - Code actions of kind 'quickfix' requested but returned code action is of kind 'source.sort.json'. Code action will be dropped. Please check 'CodeActionContext.only' to only return requested code actions.
2025-04-15 12:07:42.649 [warning] vscode.json-language-features - Code actions of kind 'quickfix' requested but returned code action is of kind 'source.sort.json'. Code action will be dropped. Please check 'CodeActionContext.only' to only return requested code actions.
2025-04-15 12:07:42.650 [warning] vscode.json-language-features - Code actions of kind 'quickfix' requested but returned code action is of kind 'source.sort.json'. Code action will be dropped. Please check 'CodeActionContext.only' to only return requested code actions.
2025-04-15 12:07:42.650 [warning] vscode.json-language-features - Code actions of kind 'quickfix' requested but returned code action is of kind 'source.sort.json'. Code action will be dropped. Please check 'CodeActionContext.only' to only return requested code actions.
2025-04-15 12:07:42.650 [warning] vscode.json-language-features - Code actions of kind 'quickfix' requested but returned code action is of kind 'source.sort.json'. Code action will be dropped. Please check 'CodeActionContext.only' to only return requested code actions.
2025-04-15 12:07:42.650 [warning] vscode.json-language-features - Code actions of kind 'quickfix' requested but returned code action is of kind 'source.sort.json'. Code action will be dropped. Please check 'CodeActionContext.only' to only return requested code actions.
2025-04-15 12:07:42.651 [warning] vscode.json-language-features - Code actions of kind 'quickfix' requested but returned code action is of kind 'source.sort.json'. Code action will be dropped. Please check 'CodeActionContext.only' to only return requested code actions.
2025-04-15 12:07:42.651 [warning] vscode.json-language-features - Code actions of kind 'quickfix' requested but returned code action is of kind 'source.sort.json'. Code action will be dropped. Please check 'CodeActionContext.only' to only return requested code actions.
2025-04-15 12:07:42.652 [warning] vscode.json-language-features - Code actions of kind 'quickfix' requested but returned code action is of kind 'source.sort.json'. Code action will be dropped. Please check 'CodeActionContext.only' to only return requested code actions.
2025-04-15 12:07:42.652 [warning] vscode.json-language-features - Code actions of kind 'quickfix' requested but returned code action is of kind 'source.sort.json'. Code action will be dropped. Please check 'CodeActionContext.only' to only return requested code actions.
2025-04-15 12:07:42.652 [warning] vscode.json-language-features - Code actions of kind 'quickfix' requested but returned code action is of kind 'source.sort.json'. Code action will be dropped. Please check 'CodeActionContext.only' to only return requested code actions.
2025-04-15 12:07:42.652 [warning] vscode.json-language-features - Code actions of kind 'quickfix' requested but returned code action is of kind 'source.sort.json'. Code action will be dropped. Please check 'CodeActionContext.only' to only return requested code actions.
2025-04-15 12:07:42.654 [warning] vscode.json-language-features - Code actions of kind 'quickfix' requested but returned code action is of kind 'source.sort.json'. Code action will be dropped. Please check 'CodeActionContext.only' to only return requested code actions.
2025-04-15 12:07:42.654 [warning] vscode.json-language-features - Code actions of kind 'quickfix' requested but returned code action is of kind 'source.sort.json'. Code action will be dropped. Please check 'CodeActionContext.only' to only return requested code actions.
2025-04-15 12:07:42.654 [warning] vscode.json-language-features - Code actions of kind 'quickfix' requested but returned code action is of kind 'source.sort.json'. Code action will be dropped. Please check 'CodeActionContext.only' to only return requested code actions.
2025-04-15 12:07:42.655 [warning] vscode.json-language-features - Code actions of kind 'quickfix' requested but returned code action is of kind 'source.sort.json'. Code action will be dropped. Please check 'CodeActionContext.only' to only return requested code actions.
2025-04-15 12:07:43.628 [warning] vscode.json-language-features - Code actions of kind 'quickfix' requested but returned code action is of kind 'source.sort.json'. Code action will be dropped. Please check 'CodeActionContext.only' to only return requested code actions.
2025-04-15 12:07:43.629 [warning] vscode.json-language-features - Code actions of kind 'quickfix' requested but returned code action is of kind 'source.sort.json'. Code action will be dropped. Please check 'CodeActionContext.only' to only return requested code actions.
2025-04-15 12:07:43.630 [warning] vscode.json-language-features - Code actions of kind 'quickfix' requested but returned code action is of kind 'source.sort.json'. Code action will be dropped. Please check 'CodeActionContext.only' to only return requested code actions.
2025-04-15 12:07:43.630 [warning] vscode.json-language-features - Code actions of kind 'quickfix' requested but returned code action is of kind 'source.sort.json'. Code action will be dropped. Please check 'CodeActionContext.only' to only return requested code actions.
2025-04-15 12:07:43.631 [warning] vscode.json-language-features - Code actions of kind 'quickfix' requested but returned code action is of kind 'source.sort.json'. Code action will be dropped. Please check 'CodeActionContext.only' to only return requested code actions.
2025-04-15 12:07:43.632 [warning] vscode.json-language-features - Code actions of kind 'quickfix' requested but returned code action is of kind 'source.sort.json'. Code action will be dropped. Please check 'CodeActionContext.only' to only return requested code actions.
2025-04-15 12:07:43.634 [warning] vscode.json-language-features - Code actions of kind 'quickfix' requested but returned code action is of kind 'source.sort.json'. Code action will be dropped. Please check 'CodeActionContext.only' to only return requested code actions.
2025-04-15 12:07:43.634 [warning] vscode.json-language-features - Code actions of kind 'quickfix' requested but returned code action is of kind 'source.sort.json'. Code action will be dropped. Please check 'CodeActionContext.only' to only return requested code actions.
2025-04-15 12:07:43.635 [warning] vscode.json-language-features - Code actions of kind 'quickfix' requested but returned code action is of kind 'source.sort.json'. Code action will be dropped. Please check 'CodeActionContext.only' to only return requested code actions.
2025-04-15 12:07:44.220 [warning] vscode.json-language-features - Code actions of kind 'quickfix' requested but returned code action is of kind 'source.sort.json'. Code action will be dropped. Please check 'CodeActionContext.only' to only return requested code actions.
2025-04-15 12:07:44.220 [warning] vscode.json-language-features - Code actions of kind 'quickfix' requested but returned code action is of kind 'source.sort.json'. Code action will be dropped. Please check 'CodeActionContext.only' to only return requested code actions.
2025-04-15 12:07:44.221 [warning] vscode.json-language-features - Code actions of kind 'quickfix' requested but returned code action is of kind 'source.sort.json'. Code action will be dropped. Please check 'CodeActionContext.only' to only return requested code actions.
2025-04-15 12:07:44.221 [warning] vscode.json-language-features - Code actions of kind 'quickfix' requested but returned code action is of kind 'source.sort.json'. Code action will be dropped. Please check 'CodeActionContext.only' to only return requested code actions.
2025-04-15 12:07:44.222 [warning] vscode.json-language-features - Code actions of kind 'quickfix' requested but returned code action is of kind 'source.sort.json'. Code action will be dropped. Please check 'CodeActionContext.only' to only return requested code actions.
2025-04-15 12:07:44.222 [warning] vscode.json-language-features - Code actions of kind 'quickfix' requested but returned code action is of kind 'source.sort.json'. Code action will be dropped. Please check 'CodeActionContext.only' to only return requested code actions.
2025-04-15 12:07:44.222 [warning] vscode.json-language-features - Code actions of kind 'quickfix' requested but returned code action is of kind 'source.sort.json'. Code action will be dropped. Please check 'CodeActionContext.only' to only return requested code actions.
2025-04-15 12:07:44.222 [warning] vscode.json-language-features - Code actions of kind 'quickfix' requested but returned code action is of kind 'source.sort.json'. Code action will be dropped. Please check 'CodeActionContext.only' to only return requested code actions.
2025-04-15 12:07:44.223 [warning] vscode.json-language-features - Code actions of kind 'quickfix' requested but returned code action is of kind 'source.sort.json'. Code action will be dropped. Please check 'CodeActionContext.only' to only return requested code actions.
2025-04-15 12:07:44.223 [warning] vscode.json-language-features - Code actions of kind 'quickfix' requested but returned code action is of kind 'source.sort.json'. Code action will be dropped. Please check 'CodeActionContext.only' to only return requested code actions.
2025-04-15 12:07:44.224 [warning] vscode.json-language-features - Code actions of kind 'quickfix' requested but returned code action is of kind 'source.sort.json'. Code action will be dropped. Please check 'CodeActionContext.only' to only return requested code actions.
2025-04-15 12:07:44.224 [warning] vscode.json-language-features - Code actions of kind 'quickfix' requested but returned code action is of kind 'source.sort.json'. Code action will be dropped. Please check 'CodeActionContext.only' to only return requested code actions.
2025-04-15 12:07:44.224 [warning] vscode.json-language-features - Code actions of kind 'quickfix' requested but returned code action is of kind 'source.sort.json'. Code action will be dropped. Please check 'CodeActionContext.only' to only return requested code actions.
2025-04-15 12:07:44.224 [warning] vscode.json-language-features - Code actions of kind 'quickfix' requested but returned code action is of kind 'source.sort.json'. Code action will be dropped. Please check 'CodeActionContext.only' to only return requested code actions.
2025-04-15 12:07:44.225 [warning] vscode.json-language-features - Code actions of kind 'quickfix' requested but returned code action is of kind 'source.sort.json'. Code action will be dropped. Please check 'CodeActionContext.only' to only return requested code actions.
2025-04-15 12:07:44.225 [warning] vscode.json-language-features - Code actions of kind 'quickfix' requested but returned code action is of kind 'source.sort.json'. Code action will be dropped. Please check 'CodeActionContext.only' to only return requested code actions.
2025-04-15 12:07:44.225 [warning] vscode.json-language-features - Code actions of kind 'quickfix' requested but returned code action is of kind 'source.sort.json'. Code action will be dropped. Please check 'CodeActionContext.only' to only return requested code actions.
2025-04-15 12:07:44.226 [warning] vscode.json-language-features - Code actions of kind 'quickfix' requested but returned code action is of kind 'source.sort.json'. Code action will be dropped. Please check 'CodeActionContext.only' to only return requested code actions.
2025-04-15 12:07:44.349 [warning] vscode.json-language-features - Code actions of kind 'quickfix' requested but returned code action is of kind 'source.sort.json'. Code action will be dropped. Please check 'CodeActionContext.only' to only return requested code actions.
2025-04-15 12:07:44.349 [warning] vscode.json-language-features - Code actions of kind 'quickfix' requested but returned code action is of kind 'source.sort.json'. Code action will be dropped. Please check 'CodeActionContext.only' to only return requested code actions.
2025-04-15 12:07:44.351 [warning] vscode.json-language-features - Code actions of kind 'quickfix' requested but returned code action is of kind 'source.sort.json'. Code action will be dropped. Please check 'CodeActionContext.only' to only return requested code actions.
2025-04-15 12:07:44.351 [warning] vscode.json-language-features - Code actions of kind 'quickfix' requested but returned code action is of kind 'source.sort.json'. Code action will be dropped. Please check 'CodeActionContext.only' to only return requested code actions.
2025-04-15 12:07:44.352 [warning] vscode.json-language-features - Code actions of kind 'quickfix' requested but returned code action is of kind 'source.sort.json'. Code action will be dropped. Please check 'CodeActionContext.only' to only return requested code actions.
2025-04-15 12:07:44.352 [warning] vscode.json-language-features - Code actions of kind 'quickfix' requested but returned code action is of kind 'source.sort.json'. Code action will be dropped. Please check 'CodeActionContext.only' to only return requested code actions.
2025-04-15 12:07:44.352 [warning] vscode.json-language-features - Code actions of kind 'quickfix' requested but returned code action is of kind 'source.sort.json'. Code action will be dropped. Please check 'CodeActionContext.only' to only return requested code actions.
2025-04-15 12:07:44.352 [warning] vscode.json-language-features - Code actions of kind 'quickfix' requested but returned code action is of kind 'source.sort.json'. Code action will be dropped. Please check 'CodeActionContext.only' to only return requested code actions.
2025-04-15 12:07:44.353 [warning] vscode.json-language-features - Code actions of kind 'quickfix' requested but returned code action is of kind 'source.sort.json'. Code action will be dropped. Please check 'CodeActionContext.only' to only return requested code actions.
2025-04-15 12:07:44.353 [warning] vscode.json-language-features - Code actions of kind 'quickfix' requested but returned code action is of kind 'source.sort.json'. Code action will be dropped. Please check 'CodeActionContext.only' to only return requested code actions.
2025-04-15 12:07:44.356 [warning] vscode.json-language-features - Code actions of kind 'quickfix' requested but returned code action is of kind 'source.sort.json'. Code action will be dropped. Please check 'CodeActionContext.only' to only return requested code actions.
2025-04-15 12:07:44.357 [warning] vscode.json-language-features - Code actions of kind 'quickfix' requested but returned code action is of kind 'source.sort.json'. Code action will be dropped. Please check 'CodeActionContext.only' to only return requested code actions.
2025-04-15 12:07:44.358 [warning] vscode.json-language-features - Code actions of kind 'quickfix' requested but returned code action is of kind 'source.sort.json'. Code action will be dropped. Please check 'CodeActionContext.only' to only return requested code actions.
2025-04-15 12:07:44.358 [warning] vscode.json-language-features - Code actions of kind 'quickfix' requested but returned code action is of kind 'source.sort.json'. Code action will be dropped. Please check 'CodeActionContext.only' to only return requested code actions.
2025-04-15 12:07:44.359 [warning] vscode.json-language-features - Code actions of kind 'quickfix' requested but returned code action is of kind 'source.sort.json'. Code action will be dropped. Please check 'CodeActionContext.only' to only return requested code actions.
2025-04-15 12:07:44.359 [warning] vscode.json-language-features - Code actions of kind 'quickfix' requested but returned code action is of kind 'source.sort.json'. Code action will be dropped. Please check 'CodeActionContext.only' to only return requested code actions.
2025-04-15 12:07:44.360 [warning] vscode.json-language-features - Code actions of kind 'quickfix' requested but returned code action is of kind 'source.sort.json'. Code action will be dropped. Please check 'CodeActionContext.only' to only return requested code actions.
2025-04-15 12:07:44.360 [warning] vscode.json-language-features - Code actions of kind 'quickfix' requested but returned code action is of kind 'source.sort.json'. Code action will be dropped. Please check 'CodeActionContext.only' to only return requested code actions.
2025-04-15 12:07:45.210 [warning] vscode.json-language-features - Code actions of kind 'quickfix' requested but returned code action is of kind 'source.sort.json'. Code action will be dropped. Please check 'CodeActionContext.only' to only return requested code actions.
2025-04-15 12:07:45.211 [warning] vscode.json-language-features - Code actions of kind 'quickfix' requested but returned code action is of kind 'source.sort.json'. Code action will be dropped. Please check 'CodeActionContext.only' to only return requested code actions.
2025-04-15 12:07:45.212 [warning] vscode.json-language-features - Code actions of kind 'quickfix' requested but returned code action is of kind 'source.sort.json'. Code action will be dropped. Please check 'CodeActionContext.only' to only return requested code actions.
2025-04-15 12:07:45.213 [warning] vscode.json-language-features - Code actions of kind 'quickfix' requested but returned code action is of kind 'source.sort.json'. Code action will be dropped. Please check 'CodeActionContext.only' to only return requested code actions.
2025-04-15 12:07:45.214 [warning] vscode.json-language-features - Code actions of kind 'quickfix' requested but returned code action is of kind 'source.sort.json'. Code action will be dropped. Please check 'CodeActionContext.only' to only return requested code actions.
2025-04-15 12:07:45.214 [warning] vscode.json-language-features - Code actions of kind 'quickfix' requested but returned code action is of kind 'source.sort.json'. Code action will be dropped. Please check 'CodeActionContext.only' to only return requested code actions.
2025-04-15 12:07:45.215 [warning] vscode.json-language-features - Code actions of kind 'quickfix' requested but returned code action is of kind 'source.sort.json'. Code action will be dropped. Please check 'CodeActionContext.only' to only return requested code actions.
2025-04-15 12:07:45.215 [warning] vscode.json-language-features - Code actions of kind 'quickfix' requested but returned code action is of kind 'source.sort.json'. Code action will be dropped. Please check 'CodeActionContext.only' to only return requested code actions.
2025-04-15 12:07:45.216 [warning] vscode.json-language-features - Code actions of kind 'quickfix' requested but returned code action is of kind 'source.sort.json'. Code action will be dropped. Please check 'CodeActionContext.only' to only return requested code actions.
2025-04-15 12:07:45.385 [warning] vscode.json-language-features - Code actions of kind 'quickfix' requested but returned code action is of kind 'source.sort.json'. Code action will be dropped. Please check 'CodeActionContext.only' to only return requested code actions.
2025-04-15 12:07:45.385 [warning] vscode.json-language-features - Code actions of kind 'quickfix' requested but returned code action is of kind 'source.sort.json'. Code action will be dropped. Please check 'CodeActionContext.only' to only return requested code actions.
2025-04-15 12:07:45.386 [warning] vscode.json-language-features - Code actions of kind 'quickfix' requested but returned code action is of kind 'source.sort.json'. Code action will be dropped. Please check 'CodeActionContext.only' to only return requested code actions.
2025-04-15 12:07:45.386 [warning] vscode.json-language-features - Code actions of kind 'quickfix' requested but returned code action is of kind 'source.sort.json'. Code action will be dropped. Please check 'CodeActionContext.only' to only return requested code actions.
2025-04-15 12:07:45.386 [warning] vscode.json-language-features - Code actions of kind 'quickfix' requested but returned code action is of kind 'source.sort.json'. Code action will be dropped. Please check 'CodeActionContext.only' to only return requested code actions.
2025-04-15 12:07:45.387 [warning] vscode.json-language-features - Code actions of kind 'quickfix' requested but returned code action is of kind 'source.sort.json'. Code action will be dropped. Please check 'CodeActionContext.only' to only return requested code actions.
2025-04-15 12:07:45.387 [warning] vscode.json-language-features - Code actions of kind 'quickfix' requested but returned code action is of kind 'source.sort.json'. Code action will be dropped. Please check 'CodeActionContext.only' to only return requested code actions.
2025-04-15 12:07:45.387 [warning] vscode.json-language-features - Code actions of kind 'quickfix' requested but returned code action is of kind 'source.sort.json'. Code action will be dropped. Please check 'CodeActionContext.only' to only return requested code actions.
2025-04-15 12:07:45.388 [warning] vscode.json-language-features - Code actions of kind 'quickfix' requested but returned code action is of kind 'source.sort.json'. Code action will be dropped. Please check 'CodeActionContext.only' to only return requested code actions.
2025-04-15 12:07:45.388 [warning] vscode.json-language-features - Code actions of kind 'quickfix' requested but returned code action is of kind 'source.sort.json'. Code action will be dropped. Please check 'CodeActionContext.only' to only return requested code actions.
2025-04-15 12:07:45.389 [warning] vscode.json-language-features - Code actions of kind 'quickfix' requested but returned code action is of kind 'source.sort.json'. Code action will be dropped. Please check 'CodeActionContext.only' to only return requested code actions.
2025-04-15 12:07:45.389 [warning] vscode.json-language-features - Code actions of kind 'quickfix' requested but returned code action is of kind 'source.sort.json'. Code action will be dropped. Please check 'CodeActionContext.only' to only return requested code actions.
2025-04-15 12:07:45.389 [warning] vscode.json-language-features - Code actions of kind 'quickfix' requested but returned code action is of kind 'source.sort.json'. Code action will be dropped. Please check 'CodeActionContext.only' to only return requested code actions.
2025-04-15 12:07:45.389 [warning] vscode.json-language-features - Code actions of kind 'quickfix' requested but returned code action is of kind 'source.sort.json'. Code action will be dropped. Please check 'CodeActionContext.only' to only return requested code actions.
2025-04-15 12:07:45.390 [warning] vscode.json-language-features - Code actions of kind 'quickfix' requested but returned code action is of kind 'source.sort.json'. Code action will be dropped. Please check 'CodeActionContext.only' to only return requested code actions.
2025-04-15 12:07:45.390 [warning] vscode.json-language-features - Code actions of kind 'quickfix' requested but returned code action is of kind 'source.sort.json'. Code action will be dropped. Please check 'CodeActionContext.only' to only return requested code actions.
2025-04-15 12:07:45.391 [warning] vscode.json-language-features - Code actions of kind 'quickfix' requested but returned code action is of kind 'source.sort.json'. Code action will be dropped. Please check 'CodeActionContext.only' to only return requested code actions.
2025-04-15 12:07:45.391 [warning] vscode.json-language-features - Code actions of kind 'quickfix' requested but returned code action is of kind 'source.sort.json'. Code action will be dropped. Please check 'CodeActionContext.only' to only return requested code actions.
2025-04-15 12:07:46.885 [warning] vscode.json-language-features - Code actions of kind 'quickfix' requested but returned code action is of kind 'source.sort.json'. Code action will be dropped. Please check 'CodeActionContext.only' to only return requested code actions.
2025-04-15 12:07:46.887 [warning] vscode.json-language-features - Code actions of kind 'quickfix' requested but returned code action is of kind 'source.sort.json'. Code action will be dropped. Please check 'CodeActionContext.only' to only return requested code actions.
2025-04-15 12:07:46.969 [warning] vscode.json-language-features - Code actions of kind 'quickfix' requested but returned code action is of kind 'source.sort.json'. Code action will be dropped. Please check 'CodeActionContext.only' to only return requested code actions.
2025-04-15 12:07:46.989 [warning] vscode.json-language-features - Code actions of kind 'quickfix' requested but returned code action is of kind 'source.sort.json'. Code action will be dropped. Please check 'CodeActionContext.only' to only return requested code actions.
2025-04-15 12:07:46.990 [warning] vscode.json-language-features - Code actions of kind 'quickfix' requested but returned code action is of kind 'source.sort.json'. Code action will be dropped. Please check 'CodeActionContext.only' to only return requested code actions.
2025-04-15 12:07:46.992 [warning] vscode.json-language-features - Code actions of kind 'quickfix' requested but returned code action is of kind 'source.sort.json'. Code action will be dropped. Please check 'CodeActionContext.only' to only return requested code actions.
2025-04-15 12:07:46.992 [warning] vscode.json-language-features - Code actions of kind 'quickfix' requested but returned code action is of kind 'source.sort.json'. Code action will be dropped. Please check 'CodeActionContext.only' to only return requested code actions.
2025-04-15 12:07:46.993 [warning] vscode.json-language-features - Code actions of kind 'quickfix' requested but returned code action is of kind 'source.sort.json'. Code action will be dropped. Please check 'CodeActionContext.only' to only return requested code actions.
2025-04-15 12:07:46.994 [warning] vscode.json-language-features - Code actions of kind 'quickfix' requested but returned code action is of kind 'source.sort.json'. Code action will be dropped. Please check 'CodeActionContext.only' to only return requested code actions.
2025-04-15 12:07:47.178 [warning] vscode.json-language-features - Code actions of kind 'quickfix' requested but returned code action is of kind 'source.sort.json'. Code action will be dropped. Please check 'CodeActionContext.only' to only return requested code actions.
2025-04-15 12:07:47.178 [warning] vscode.json-language-features - Code actions of kind 'quickfix' requested but returned code action is of kind 'source.sort.json'. Code action will be dropped. Please check 'CodeActionContext.only' to only return requested code actions.
2025-04-15 12:07:47.179 [warning] vscode.json-language-features - Code actions of kind 'quickfix' requested but returned code action is of kind 'source.sort.json'. Code action will be dropped. Please check 'CodeActionContext.only' to only return requested code actions.
2025-04-15 12:07:47.179 [warning] vscode.json-language-features - Code actions of kind 'quickfix' requested but returned code action is of kind 'source.sort.json'. Code action will be dropped. Please check 'CodeActionContext.only' to only return requested code actions.
2025-04-15 12:07:47.180 [warning] vscode.json-language-features - Code actions of kind 'quickfix' requested but returned code action is of kind 'source.sort.json'. Code action will be dropped. Please check 'CodeActionContext.only' to only return requested code actions.
2025-04-15 12:07:47.180 [warning] vscode.json-language-features - Code actions of kind 'quickfix' requested but returned code action is of kind 'source.sort.json'. Code action will be dropped. Please check 'CodeActionContext.only' to only return requested code actions.
2025-04-15 12:07:47.181 [warning] vscode.json-language-features - Code actions of kind 'quickfix' requested but returned code action is of kind 'source.sort.json'. Code action will be dropped. Please check 'CodeActionContext.only' to only return requested code actions.
2025-04-15 12:07:47.181 [warning] vscode.json-language-features - Code actions of kind 'quickfix' requested but returned code action is of kind 'source.sort.json'. Code action will be dropped. Please check 'CodeActionContext.only' to only return requested code actions.
2025-04-15 12:07:47.181 [warning] vscode.json-language-features - Code actions of kind 'quickfix' requested but returned code action is of kind 'source.sort.json'. Code action will be dropped. Please check 'CodeActionContext.only' to only return requested code actions.
2025-04-15 12:07:47.181 [warning] vscode.json-language-features - Code actions of kind 'quickfix' requested but returned code action is of kind 'source.sort.json'. Code action will be dropped. Please check 'CodeActionContext.only' to only return requested code actions.
2025-04-15 12:07:47.182 [warning] vscode.json-language-features - Code actions of kind 'quickfix' requested but returned code action is of kind 'source.sort.json'. Code action will be dropped. Please check 'CodeActionContext.only' to only return requested code actions.
2025-04-15 12:07:47.182 [warning] vscode.json-language-features - Code actions of kind 'quickfix' requested but returned code action is of kind 'source.sort.json'. Code action will be dropped. Please check 'CodeActionContext.only' to only return requested code actions.
2025-04-15 12:07:47.183 [warning] vscode.json-language-features - Code actions of kind 'quickfix' requested but returned code action is of kind 'source.sort.json'. Code action will be dropped. Please check 'CodeActionContext.only' to only return requested code actions.
2025-04-15 12:07:47.183 [warning] vscode.json-language-features - Code actions of kind 'quickfix' requested but returned code action is of kind 'source.sort.json'. Code action will be dropped. Please check 'CodeActionContext.only' to only return requested code actions.
2025-04-15 12:07:47.183 [warning] vscode.json-language-features - Code actions of kind 'quickfix' requested but returned code action is of kind 'source.sort.json'. Code action will be dropped. Please check 'CodeActionContext.only' to only return requested code actions.
2025-04-15 12:07:47.183 [warning] vscode.json-language-features - Code actions of kind 'quickfix' requested but returned code action is of kind 'source.sort.json'. Code action will be dropped. Please check 'CodeActionContext.only' to only return requested code actions.
2025-04-15 12:07:47.184 [warning] vscode.json-language-features - Code actions of kind 'quickfix' requested but returned code action is of kind 'source.sort.json'. Code action will be dropped. Please check 'CodeActionContext.only' to only return requested code actions.
2025-04-15 12:07:47.184 [warning] vscode.json-language-features - Code actions of kind 'quickfix' requested but returned code action is of kind 'source.sort.json'. Code action will be dropped. Please check 'CodeActionContext.only' to only return requested code actions.
2025-04-15 12:07:49.174 [error] Error: Cannot show while inline completion is already showing
    at vscode-file://vscode-app/usr/share/windsurf/resources/app/out/vs/workbench/workbench.desktop.main.js:410:260407
2025-04-15 12:07:57.126 [warning] vscode.json-language-features - Code actions of kind 'quickfix' requested but returned code action is of kind 'source.sort.json'. Code action will be dropped. Please check 'CodeActionContext.only' to only return requested code actions.
2025-04-15 12:07:57.127 [warning] vscode.json-language-features - Code actions of kind 'quickfix' requested but returned code action is of kind 'source.sort.json'. Code action will be dropped. Please check 'CodeActionContext.only' to only return requested code actions.
2025-04-15 12:07:57.128 [warning] vscode.json-language-features - Code actions of kind 'quickfix' requested but returned code action is of kind 'source.sort.json'. Code action will be dropped. Please check 'CodeActionContext.only' to only return requested code actions.
2025-04-15 12:07:57.129 [warning] vscode.json-language-features - Code actions of kind 'quickfix' requested but returned code action is of kind 'source.sort.json'. Code action will be dropped. Please check 'CodeActionContext.only' to only return requested code actions.
2025-04-15 12:07:57.129 [warning] vscode.json-language-features - Code actions of kind 'quickfix' requested but returned code action is of kind 'source.sort.json'. Code action will be dropped. Please check 'CodeActionContext.only' to only return requested code actions.
2025-04-15 12:07:57.130 [warning] vscode.json-language-features - Code actions of kind 'quickfix' requested but returned code action is of kind 'source.sort.json'. Code action will be dropped. Please check 'CodeActionContext.only' to only return requested code actions.
2025-04-15 12:07:57.131 [warning] vscode.json-language-features - Code actions of kind 'quickfix' requested but returned code action is of kind 'source.sort.json'. Code action will be dropped. Please check 'CodeActionContext.only' to only return requested code actions.
2025-04-15 12:07:57.131 [warning] vscode.json-language-features - Code actions of kind 'quickfix' requested but returned code action is of kind 'source.sort.json'. Code action will be dropped. Please check 'CodeActionContext.only' to only return requested code actions.
2025-04-15 12:07:57.132 [warning] vscode.json-language-features - Code actions of kind 'quickfix' requested but returned code action is of kind 'source.sort.json'. Code action will be dropped. Please check 'CodeActionContext.only' to only return requested code actions.
2025-04-15 12:07:57.250 [warning] vscode.json-language-features - Code actions of kind 'quickfix' requested but returned code action is of kind 'source.sort.json'. Code action will be dropped. Please check 'CodeActionContext.only' to only return requested code actions.
2025-04-15 12:07:57.250 [warning] vscode.json-language-features - Code actions of kind 'quickfix' requested but returned code action is of kind 'source.sort.json'. Code action will be dropped. Please check 'CodeActionContext.only' to only return requested code actions.
2025-04-15 12:07:57.251 [warning] vscode.json-language-features - Code actions of kind 'quickfix' requested but returned code action is of kind 'source.sort.json'. Code action will be dropped. Please check 'CodeActionContext.only' to only return requested code actions.
2025-04-15 12:07:57.251 [warning] vscode.json-language-features - Code actions of kind 'quickfix' requested but returned code action is of kind 'source.sort.json'. Code action will be dropped. Please check 'CodeActionContext.only' to only return requested code actions.
2025-04-15 12:07:57.252 [warning] vscode.json-language-features - Code actions of kind 'quickfix' requested but returned code action is of kind 'source.sort.json'. Code action will be dropped. Please check 'CodeActionContext.only' to only return requested code actions.
2025-04-15 12:07:57.252 [warning] vscode.json-language-features - Code actions of kind 'quickfix' requested but returned code action is of kind 'source.sort.json'. Code action will be dropped. Please check 'CodeActionContext.only' to only return requested code actions.
2025-04-15 12:07:57.253 [warning] vscode.json-language-features - Code actions of kind 'quickfix' requested but returned code action is of kind 'source.sort.json'. Code action will be dropped. Please check 'CodeActionContext.only' to only return requested code actions.
2025-04-15 12:07:57.253 [warning] vscode.json-language-features - Code actions of kind 'quickfix' requested but returned code action is of kind 'source.sort.json'. Code action will be dropped. Please check 'CodeActionContext.only' to only return requested code actions.
2025-04-15 12:07:57.254 [warning] vscode.json-language-features - Code actions of kind 'quickfix' requested but returned code action is of kind 'source.sort.json'. Code action will be dropped. Please check 'CodeActionContext.only' to only return requested code actions.
2025-04-15 12:07:57.254 [warning] vscode.json-language-features - Code actions of kind 'quickfix' requested but returned code action is of kind 'source.sort.json'. Code action will be dropped. Please check 'CodeActionContext.only' to only return requested code actions.
2025-04-15 12:07:57.255 [warning] vscode.json-language-features - Code actions of kind 'quickfix' requested but returned code action is of kind 'source.sort.json'. Code action will be dropped. Please check 'CodeActionContext.only' to only return requested code actions.
2025-04-15 12:07:57.255 [warning] vscode.json-language-features - Code actions of kind 'quickfix' requested but returned code action is of kind 'source.sort.json'. Code action will be dropped. Please check 'CodeActionContext.only' to only return requested code actions.
2025-04-15 12:07:57.255 [warning] vscode.json-language-features - Code actions of kind 'quickfix' requested but returned code action is of kind 'source.sort.json'. Code action will be dropped. Please check 'CodeActionContext.only' to only return requested code actions.
2025-04-15 12:07:57.255 [warning] vscode.json-language-features - Code actions of kind 'quickfix' requested but returned code action is of kind 'source.sort.json'. Code action will be dropped. Please check 'CodeActionContext.only' to only return requested code actions.
2025-04-15 12:07:57.256 [warning] vscode.json-language-features - Code actions of kind 'quickfix' requested but returned code action is of kind 'source.sort.json'. Code action will be dropped. Please check 'CodeActionContext.only' to only return requested code actions.
2025-04-15 12:07:57.256 [warning] vscode.json-language-features - Code actions of kind 'quickfix' requested but returned code action is of kind 'source.sort.json'. Code action will be dropped. Please check 'CodeActionContext.only' to only return requested code actions.
2025-04-15 12:07:57.256 [warning] vscode.json-language-features - Code actions of kind 'quickfix' requested but returned code action is of kind 'source.sort.json'. Code action will be dropped. Please check 'CodeActionContext.only' to only return requested code actions.
2025-04-15 12:07:57.256 [warning] vscode.json-language-features - Code actions of kind 'quickfix' requested but returned code action is of kind 'source.sort.json'. Code action will be dropped. Please check 'CodeActionContext.only' to only return requested code actions.
2025-04-15 12:07:57.435 [warning] vscode.json-language-features - Code actions of kind 'quickfix' requested but returned code action is of kind 'source.sort.json'. Code action will be dropped. Please check 'CodeActionContext.only' to only return requested code actions.
2025-04-15 12:07:57.435 [warning] vscode.json-language-features - Code actions of kind 'quickfix' requested but returned code action is of kind 'source.sort.json'. Code action will be dropped. Please check 'CodeActionContext.only' to only return requested code actions.
2025-04-15 12:07:57.441 [warning] vscode.json-language-features - Code actions of kind 'quickfix' requested but returned code action is of kind 'source.sort.json'. Code action will be dropped. Please check 'CodeActionContext.only' to only return requested code actions.
2025-04-15 12:07:57.442 [warning] vscode.json-language-features - Code actions of kind 'quickfix' requested but returned code action is of kind 'source.sort.json'. Code action will be dropped. Please check 'CodeActionContext.only' to only return requested code actions.
2025-04-15 12:07:57.442 [warning] vscode.json-language-features - Code actions of kind 'quickfix' requested but returned code action is of kind 'source.sort.json'. Code action will be dropped. Please check 'CodeActionContext.only' to only return requested code actions.
2025-04-15 12:07:57.442 [warning] vscode.json-language-features - Code actions of kind 'quickfix' requested but returned code action is of kind 'source.sort.json'. Code action will be dropped. Please check 'CodeActionContext.only' to only return requested code actions.
2025-04-15 12:07:57.443 [warning] vscode.json-language-features - Code actions of kind 'quickfix' requested but returned code action is of kind 'source.sort.json'. Code action will be dropped. Please check 'CodeActionContext.only' to only return requested code actions.
2025-04-15 12:07:57.443 [warning] vscode.json-language-features - Code actions of kind 'quickfix' requested but returned code action is of kind 'source.sort.json'. Code action will be dropped. Please check 'CodeActionContext.only' to only return requested code actions.
2025-04-15 12:07:57.444 [warning] vscode.json-language-features - Code actions of kind 'quickfix' requested but returned code action is of kind 'source.sort.json'. Code action will be dropped. Please check 'CodeActionContext.only' to only return requested code actions.
2025-04-15 12:07:57.444 [warning] vscode.json-language-features - Code actions of kind 'quickfix' requested but returned code action is of kind 'source.sort.json'. Code action will be dropped. Please check 'CodeActionContext.only' to only return requested code actions.
2025-04-15 12:07:57.444 [warning] vscode.json-language-features - Code actions of kind 'quickfix' requested but returned code action is of kind 'source.sort.json'. Code action will be dropped. Please check 'CodeActionContext.only' to only return requested code actions.
2025-04-15 12:07:57.445 [warning] vscode.json-language-features - Code actions of kind 'quickfix' requested but returned code action is of kind 'source.sort.json'. Code action will be dropped. Please check 'CodeActionContext.only' to only return requested code actions.
2025-04-15 12:07:57.445 [warning] vscode.json-language-features - Code actions of kind 'quickfix' requested but returned code action is of kind 'source.sort.json'. Code action will be dropped. Please check 'CodeActionContext.only' to only return requested code actions.
2025-04-15 12:07:57.445 [warning] vscode.json-language-features - Code actions of kind 'quickfix' requested but returned code action is of kind 'source.sort.json'. Code action will be dropped. Please check 'CodeActionContext.only' to only return requested code actions.
2025-04-15 12:07:57.446 [warning] vscode.json-language-features - Code actions of kind 'quickfix' requested but returned code action is of kind 'source.sort.json'. Code action will be dropped. Please check 'CodeActionContext.only' to only return requested code actions.
2025-04-15 12:07:57.446 [warning] vscode.json-language-features - Code actions of kind 'quickfix' requested but returned code action is of kind 'source.sort.json'. Code action will be dropped. Please check 'CodeActionContext.only' to only return requested code actions.
2025-04-15 12:07:57.447 [warning] vscode.json-language-features - Code actions of kind 'quickfix' requested but returned code action is of kind 'source.sort.json'. Code action will be dropped. Please check 'CodeActionContext.only' to only return requested code actions.
2025-04-15 12:07:57.447 [warning] vscode.json-language-features - Code actions of kind 'quickfix' requested but returned code action is of kind 'source.sort.json'. Code action will be dropped. Please check 'CodeActionContext.only' to only return requested code actions.
2025-04-15 12:07:57.601 [warning] vscode.json-language-features - Code actions of kind 'quickfix' requested but returned code action is of kind 'source.sort.json'. Code action will be dropped. Please check 'CodeActionContext.only' to only return requested code actions.
2025-04-15 12:07:57.601 [warning] vscode.json-language-features - Code actions of kind 'quickfix' requested but returned code action is of kind 'source.sort.json'. Code action will be dropped. Please check 'CodeActionContext.only' to only return requested code actions.
2025-04-15 12:07:57.602 [warning] vscode.json-language-features - Code actions of kind 'quickfix' requested but returned code action is of kind 'source.sort.json'. Code action will be dropped. Please check 'CodeActionContext.only' to only return requested code actions.
2025-04-15 12:07:57.602 [warning] vscode.json-language-features - Code actions of kind 'quickfix' requested but returned code action is of kind 'source.sort.json'. Code action will be dropped. Please check 'CodeActionContext.only' to only return requested code actions.
2025-04-15 12:07:57.603 [warning] vscode.json-language-features - Code actions of kind 'quickfix' requested but returned code action is of kind 'source.sort.json'. Code action will be dropped. Please check 'CodeActionContext.only' to only return requested code actions.
2025-04-15 12:07:57.603 [warning] vscode.json-language-features - Code actions of kind 'quickfix' requested but returned code action is of kind 'source.sort.json'. Code action will be dropped. Please check 'CodeActionContext.only' to only return requested code actions.
2025-04-15 12:07:57.603 [warning] vscode.json-language-features - Code actions of kind 'quickfix' requested but returned code action is of kind 'source.sort.json'. Code action will be dropped. Please check 'CodeActionContext.only' to only return requested code actions.
2025-04-15 12:07:57.604 [warning] vscode.json-language-features - Code actions of kind 'quickfix' requested but returned code action is of kind 'source.sort.json'. Code action will be dropped. Please check 'CodeActionContext.only' to only return requested code actions.
2025-04-15 12:07:57.604 [warning] vscode.json-language-features - Code actions of kind 'quickfix' requested but returned code action is of kind 'source.sort.json'. Code action will be dropped. Please check 'CodeActionContext.only' to only return requested code actions.
2025-04-15 12:07:57.604 [warning] vscode.json-language-features - Code actions of kind 'quickfix' requested but returned code action is of kind 'source.sort.json'. Code action will be dropped. Please check 'CodeActionContext.only' to only return requested code actions.
2025-04-15 12:07:57.605 [warning] vscode.json-language-features - Code actions of kind 'quickfix' requested but returned code action is of kind 'source.sort.json'. Code action will be dropped. Please check 'CodeActionContext.only' to only return requested code actions.
2025-04-15 12:07:57.605 [warning] vscode.json-language-features - Code actions of kind 'quickfix' requested but returned code action is of kind 'source.sort.json'. Code action will be dropped. Please check 'CodeActionContext.only' to only return requested code actions.
2025-04-15 12:07:57.606 [warning] vscode.json-language-features - Code actions of kind 'quickfix' requested but returned code action is of kind 'source.sort.json'. Code action will be dropped. Please check 'CodeActionContext.only' to only return requested code actions.
2025-04-15 12:07:57.606 [warning] vscode.json-language-features - Code actions of kind 'quickfix' requested but returned code action is of kind 'source.sort.json'. Code action will be dropped. Please check 'CodeActionContext.only' to only return requested code actions.
2025-04-15 12:07:57.607 [warning] vscode.json-language-features - Code actions of kind 'quickfix' requested but returned code action is of kind 'source.sort.json'. Code action will be dropped. Please check 'CodeActionContext.only' to only return requested code actions.
2025-04-15 12:07:57.607 [warning] vscode.json-language-features - Code actions of kind 'quickfix' requested but returned code action is of kind 'source.sort.json'. Code action will be dropped. Please check 'CodeActionContext.only' to only return requested code actions.
2025-04-15 12:07:57.608 [warning] vscode.json-language-features - Code actions of kind 'quickfix' requested but returned code action is of kind 'source.sort.json'. Code action will be dropped. Please check 'CodeActionContext.only' to only return requested code actions.
2025-04-15 12:07:57.608 [warning] vscode.json-language-features - Code actions of kind 'quickfix' requested but returned code action is of kind 'source.sort.json'. Code action will be dropped. Please check 'CodeActionContext.only' to only return requested code actions.
2025-04-15 12:07:58.077 [warning] vscode.json-language-features - Code actions of kind 'quickfix' requested but returned code action is of kind 'source.sort.json'. Code action will be dropped. Please check 'CodeActionContext.only' to only return requested code actions.
2025-04-15 12:07:58.077 [warning] vscode.json-language-features - Code actions of kind 'quickfix' requested but returned code action is of kind 'source.sort.json'. Code action will be dropped. Please check 'CodeActionContext.only' to only return requested code actions.
2025-04-15 12:07:58.078 [warning] vscode.json-language-features - Code actions of kind 'quickfix' requested but returned code action is of kind 'source.sort.json'. Code action will be dropped. Please check 'CodeActionContext.only' to only return requested code actions.
2025-04-15 12:07:58.078 [warning] vscode.json-language-features - Code actions of kind 'quickfix' requested but returned code action is of kind 'source.sort.json'. Code action will be dropped. Please check 'CodeActionContext.only' to only return requested code actions.
2025-04-15 12:07:58.079 [warning] vscode.json-language-features - Code actions of kind 'quickfix' requested but returned code action is of kind 'source.sort.json'. Code action will be dropped. Please check 'CodeActionContext.only' to only return requested code actions.
2025-04-15 12:07:58.079 [warning] vscode.json-language-features - Code actions of kind 'quickfix' requested but returned code action is of kind 'source.sort.json'. Code action will be dropped. Please check 'CodeActionContext.only' to only return requested code actions.
2025-04-15 12:07:58.079 [warning] vscode.json-language-features - Code actions of kind 'quickfix' requested but returned code action is of kind 'source.sort.json'. Code action will be dropped. Please check 'CodeActionContext.only' to only return requested code actions.
2025-04-15 12:07:58.079 [warning] vscode.json-language-features - Code actions of kind 'quickfix' requested but returned code action is of kind 'source.sort.json'. Code action will be dropped. Please check 'CodeActionContext.only' to only return requested code actions.
2025-04-15 12:07:58.080 [warning] vscode.json-language-features - Code actions of kind 'quickfix' requested but returned code action is of kind 'source.sort.json'. Code action will be dropped. Please check 'CodeActionContext.only' to only return requested code actions.
2025-04-15 12:07:58.080 [warning] vscode.json-language-features - Code actions of kind 'quickfix' requested but returned code action is of kind 'source.sort.json'. Code action will be dropped. Please check 'CodeActionContext.only' to only return requested code actions.
2025-04-15 12:07:58.080 [warning] vscode.json-language-features - Code actions of kind 'quickfix' requested but returned code action is of kind 'source.sort.json'. Code action will be dropped. Please check 'CodeActionContext.only' to only return requested code actions.
2025-04-15 12:07:58.081 [warning] vscode.json-language-features - Code actions of kind 'quickfix' requested but returned code action is of kind 'source.sort.json'. Code action will be dropped. Please check 'CodeActionContext.only' to only return requested code actions.
2025-04-15 12:07:58.081 [warning] vscode.json-language-features - Code actions of kind 'quickfix' requested but returned code action is of kind 'source.sort.json'. Code action will be dropped. Please check 'CodeActionContext.only' to only return requested code actions.
2025-04-15 12:07:58.081 [warning] vscode.json-language-features - Code actions of kind 'quickfix' requested but returned code action is of kind 'source.sort.json'. Code action will be dropped. Please check 'CodeActionContext.only' to only return requested code actions.
2025-04-15 12:07:58.082 [warning] vscode.json-language-features - Code actions of kind 'quickfix' requested but returned code action is of kind 'source.sort.json'. Code action will be dropped. Please check 'CodeActionContext.only' to only return requested code actions.
2025-04-15 12:07:58.082 [warning] vscode.json-language-features - Code actions of kind 'quickfix' requested but returned code action is of kind 'source.sort.json'. Code action will be dropped. Please check 'CodeActionContext.only' to only return requested code actions.
2025-04-15 12:07:58.082 [warning] vscode.json-language-features - Code actions of kind 'quickfix' requested but returned code action is of kind 'source.sort.json'. Code action will be dropped. Please check 'CodeActionContext.only' to only return requested code actions.
2025-04-15 12:07:58.083 [warning] vscode.json-language-features - Code actions of kind 'quickfix' requested but returned code action is of kind 'source.sort.json'. Code action will be dropped. Please check 'CodeActionContext.only' to only return requested code actions.
2025-04-15 12:08:06.250 [warning] vscode.json-language-features - Code actions of kind 'quickfix' requested but returned code action is of kind 'source.sort.json'. Code action will be dropped. Please check 'CodeActionContext.only' to only return requested code actions.
2025-04-15 12:08:06.251 [warning] vscode.json-language-features - Code actions of kind 'quickfix' requested but returned code action is of kind 'source.sort.json'. Code action will be dropped. Please check 'CodeActionContext.only' to only return requested code actions.
2025-04-15 12:08:06.252 [warning] vscode.json-language-features - Code actions of kind 'quickfix' requested but returned code action is of kind 'source.sort.json'. Code action will be dropped. Please check 'CodeActionContext.only' to only return requested code actions.
2025-04-15 12:08:06.253 [warning] vscode.json-language-features - Code actions of kind 'quickfix' requested but returned code action is of kind 'source.sort.json'. Code action will be dropped. Please check 'CodeActionContext.only' to only return requested code actions.
2025-04-15 12:08:06.253 [warning] vscode.json-language-features - Code actions of kind 'quickfix' requested but returned code action is of kind 'source.sort.json'. Code action will be dropped. Please check 'CodeActionContext.only' to only return requested code actions.
2025-04-15 12:08:06.254 [warning] vscode.json-language-features - Code actions of kind 'quickfix' requested but returned code action is of kind 'source.sort.json'. Code action will be dropped. Please check 'CodeActionContext.only' to only return requested code actions.
2025-04-15 12:08:06.255 [warning] vscode.json-language-features - Code actions of kind 'quickfix' requested but returned code action is of kind 'source.sort.json'. Code action will be dropped. Please check 'CodeActionContext.only' to only return requested code actions.
2025-04-15 12:08:06.255 [warning] vscode.json-language-features - Code actions of kind 'quickfix' requested but returned code action is of kind 'source.sort.json'. Code action will be dropped. Please check 'CodeActionContext.only' to only return requested code actions.
2025-04-15 12:08:06.256 [warning] vscode.json-language-features - Code actions of kind 'quickfix' requested but returned code action is of kind 'source.sort.json'. Code action will be dropped. Please check 'CodeActionContext.only' to only return requested code actions.
2025-04-15 12:08:06.329 [warning] vscode.json-language-features - Code actions of kind 'quickfix' requested but returned code action is of kind 'source.sort.json'. Code action will be dropped. Please check 'CodeActionContext.only' to only return requested code actions.
2025-04-15 12:08:06.329 [warning] vscode.json-language-features - Code actions of kind 'quickfix' requested but returned code action is of kind 'source.sort.json'. Code action will be dropped. Please check 'CodeActionContext.only' to only return requested code actions.
2025-04-15 12:08:06.330 [warning] vscode.json-language-features - Code actions of kind 'quickfix' requested but returned code action is of kind 'source.sort.json'. Code action will be dropped. Please check 'CodeActionContext.only' to only return requested code actions.
2025-04-15 12:08:06.331 [warning] vscode.json-language-features - Code actions of kind 'quickfix' requested but returned code action is of kind 'source.sort.json'. Code action will be dropped. Please check 'CodeActionContext.only' to only return requested code actions.
2025-04-15 12:08:06.331 [warning] vscode.json-language-features - Code actions of kind 'quickfix' requested but returned code action is of kind 'source.sort.json'. Code action will be dropped. Please check 'CodeActionContext.only' to only return requested code actions.
2025-04-15 12:08:06.332 [warning] vscode.json-language-features - Code actions of kind 'quickfix' requested but returned code action is of kind 'source.sort.json'. Code action will be dropped. Please check 'CodeActionContext.only' to only return requested code actions.
2025-04-15 12:08:06.332 [warning] vscode.json-language-features - Code actions of kind 'quickfix' requested but returned code action is of kind 'source.sort.json'. Code action will be dropped. Please check 'CodeActionContext.only' to only return requested code actions.
2025-04-15 12:08:06.332 [warning] vscode.json-language-features - Code actions of kind 'quickfix' requested but returned code action is of kind 'source.sort.json'. Code action will be dropped. Please check 'CodeActionContext.only' to only return requested code actions.
2025-04-15 12:08:06.333 [warning] vscode.json-language-features - Code actions of kind 'quickfix' requested but returned code action is of kind 'source.sort.json'. Code action will be dropped. Please check 'CodeActionContext.only' to only return requested code actions.
2025-04-15 12:08:06.333 [warning] vscode.json-language-features - Code actions of kind 'quickfix' requested but returned code action is of kind 'source.sort.json'. Code action will be dropped. Please check 'CodeActionContext.only' to only return requested code actions.
2025-04-15 12:08:06.334 [warning] vscode.json-language-features - Code actions of kind 'quickfix' requested but returned code action is of kind 'source.sort.json'. Code action will be dropped. Please check 'CodeActionContext.only' to only return requested code actions.
2025-04-15 12:08:06.334 [warning] vscode.json-language-features - Code actions of kind 'quickfix' requested but returned code action is of kind 'source.sort.json'. Code action will be dropped. Please check 'CodeActionContext.only' to only return requested code actions.
2025-04-15 12:08:06.335 [warning] vscode.json-language-features - Code actions of kind 'quickfix' requested but returned code action is of kind 'source.sort.json'. Code action will be dropped. Please check 'CodeActionContext.only' to only return requested code actions.
2025-04-15 12:08:06.335 [warning] vscode.json-language-features - Code actions of kind 'quickfix' requested but returned code action is of kind 'source.sort.json'. Code action will be dropped. Please check 'CodeActionContext.only' to only return requested code actions.
2025-04-15 12:08:06.336 [warning] vscode.json-language-features - Code actions of kind 'quickfix' requested but returned code action is of kind 'source.sort.json'. Code action will be dropped. Please check 'CodeActionContext.only' to only return requested code actions.
2025-04-15 12:08:06.336 [warning] vscode.json-language-features - Code actions of kind 'quickfix' requested but returned code action is of kind 'source.sort.json'. Code action will be dropped. Please check 'CodeActionContext.only' to only return requested code actions.
2025-04-15 12:08:06.336 [warning] vscode.json-language-features - Code actions of kind 'quickfix' requested but returned code action is of kind 'source.sort.json'. Code action will be dropped. Please check 'CodeActionContext.only' to only return requested code actions.
2025-04-15 12:08:06.337 [warning] vscode.json-language-features - Code actions of kind 'quickfix' requested but returned code action is of kind 'source.sort.json'. Code action will be dropped. Please check 'CodeActionContext.only' to only return requested code actions.
2025-04-15 12:08:06.588 [warning] vscode.json-language-features - Code actions of kind 'quickfix' requested but returned code action is of kind 'source.sort.json'. Code action will be dropped. Please check 'CodeActionContext.only' to only return requested code actions.
2025-04-15 12:08:06.588 [warning] vscode.json-language-features - Code actions of kind 'quickfix' requested but returned code action is of kind 'source.sort.json'. Code action will be dropped. Please check 'CodeActionContext.only' to only return requested code actions.
2025-04-15 12:08:06.589 [warning] vscode.json-language-features - Code actions of kind 'quickfix' requested but returned code action is of kind 'source.sort.json'. Code action will be dropped. Please check 'CodeActionContext.only' to only return requested code actions.
2025-04-15 12:08:06.589 [warning] vscode.json-language-features - Code actions of kind 'quickfix' requested but returned code action is of kind 'source.sort.json'. Code action will be dropped. Please check 'CodeActionContext.only' to only return requested code actions.
2025-04-15 12:08:06.590 [warning] vscode.json-language-features - Code actions of kind 'quickfix' requested but returned code action is of kind 'source.sort.json'. Code action will be dropped. Please check 'CodeActionContext.only' to only return requested code actions.
2025-04-15 12:08:06.590 [warning] vscode.json-language-features - Code actions of kind 'quickfix' requested but returned code action is of kind 'source.sort.json'. Code action will be dropped. Please check 'CodeActionContext.only' to only return requested code actions.
2025-04-15 12:08:06.591 [warning] vscode.json-language-features - Code actions of kind 'quickfix' requested but returned code action is of kind 'source.sort.json'. Code action will be dropped. Please check 'CodeActionContext.only' to only return requested code actions.
2025-04-15 12:08:06.591 [warning] vscode.json-language-features - Code actions of kind 'quickfix' requested but returned code action is of kind 'source.sort.json'. Code action will be dropped. Please check 'CodeActionContext.only' to only return requested code actions.
2025-04-15 12:08:06.591 [warning] vscode.json-language-features - Code actions of kind 'quickfix' requested but returned code action is of kind 'source.sort.json'. Code action will be dropped. Please check 'CodeActionContext.only' to only return requested code actions.
2025-04-15 12:08:06.592 [warning] vscode.json-language-features - Code actions of kind 'quickfix' requested but returned code action is of kind 'source.sort.json'. Code action will be dropped. Please check 'CodeActionContext.only' to only return requested code actions.
2025-04-15 12:08:06.592 [warning] vscode.json-language-features - Code actions of kind 'quickfix' requested but returned code action is of kind 'source.sort.json'. Code action will be dropped. Please check 'CodeActionContext.only' to only return requested code actions.
2025-04-15 12:08:06.593 [warning] vscode.json-language-features - Code actions of kind 'quickfix' requested but returned code action is of kind 'source.sort.json'. Code action will be dropped. Please check 'CodeActionContext.only' to only return requested code actions.
2025-04-15 12:08:06.594 [warning] vscode.json-language-features - Code actions of kind 'quickfix' requested but returned code action is of kind 'source.sort.json'. Code action will be dropped. Please check 'CodeActionContext.only' to only return requested code actions.
2025-04-15 12:08:06.594 [warning] vscode.json-language-features - Code actions of kind 'quickfix' requested but returned code action is of kind 'source.sort.json'. Code action will be dropped. Please check 'CodeActionContext.only' to only return requested code actions.
2025-04-15 12:08:06.595 [warning] vscode.json-language-features - Code actions of kind 'quickfix' requested but returned code action is of kind 'source.sort.json'. Code action will be dropped. Please check 'CodeActionContext.only' to only return requested code actions.
2025-04-15 12:08:06.595 [warning] vscode.json-language-features - Code actions of kind 'quickfix' requested but returned code action is of kind 'source.sort.json'. Code action will be dropped. Please check 'CodeActionContext.only' to only return requested code actions.
2025-04-15 12:08:06.595 [warning] vscode.json-language-features - Code actions of kind 'quickfix' requested but returned code action is of kind 'source.sort.json'. Code action will be dropped. Please check 'CodeActionContext.only' to only return requested code actions.
2025-04-15 12:08:06.596 [warning] vscode.json-language-features - Code actions of kind 'quickfix' requested but returned code action is of kind 'source.sort.json'. Code action will be dropped. Please check 'CodeActionContext.only' to only return requested code actions.
2025-04-15 12:08:08.941 [warning] vscode.json-language-features - Code actions of kind 'quickfix' requested but returned code action is of kind 'source.sort.json'. Code action will be dropped. Please check 'CodeActionContext.only' to only return requested code actions.
2025-04-15 12:08:08.942 [warning] vscode.json-language-features - Code actions of kind 'quickfix' requested but returned code action is of kind 'source.sort.json'. Code action will be dropped. Please check 'CodeActionContext.only' to only return requested code actions.
2025-04-15 12:08:08.943 [warning] vscode.json-language-features - Code actions of kind 'quickfix' requested but returned code action is of kind 'source.sort.json'. Code action will be dropped. Please check 'CodeActionContext.only' to only return requested code actions.
2025-04-15 12:08:08.944 [warning] vscode.json-language-features - Code actions of kind 'quickfix' requested but returned code action is of kind 'source.sort.json'. Code action will be dropped. Please check 'CodeActionContext.only' to only return requested code actions.
2025-04-15 12:08:08.944 [warning] vscode.json-language-features - Code actions of kind 'quickfix' requested but returned code action is of kind 'source.sort.json'. Code action will be dropped. Please check 'CodeActionContext.only' to only return requested code actions.
2025-04-15 12:08:08.945 [warning] vscode.json-language-features - Code actions of kind 'quickfix' requested but returned code action is of kind 'source.sort.json'. Code action will be dropped. Please check 'CodeActionContext.only' to only return requested code actions.
2025-04-15 12:08:08.946 [warning] vscode.json-language-features - Code actions of kind 'quickfix' requested but returned code action is of kind 'source.sort.json'. Code action will be dropped. Please check 'CodeActionContext.only' to only return requested code actions.
2025-04-15 12:08:08.946 [warning] vscode.json-language-features - Code actions of kind 'quickfix' requested but returned code action is of kind 'source.sort.json'. Code action will be dropped. Please check 'CodeActionContext.only' to only return requested code actions.
2025-04-15 12:08:08.947 [warning] vscode.json-language-features - Code actions of kind 'quickfix' requested but returned code action is of kind 'source.sort.json'. Code action will be dropped. Please check 'CodeActionContext.only' to only return requested code actions.
2025-04-15 12:08:09.167 [warning] vscode.json-language-features - Code actions of kind 'quickfix' requested but returned code action is of kind 'source.sort.json'. Code action will be dropped. Please check 'CodeActionContext.only' to only return requested code actions.
2025-04-15 12:08:09.167 [warning] vscode.json-language-features - Code actions of kind 'quickfix' requested but returned code action is of kind 'source.sort.json'. Code action will be dropped. Please check 'CodeActionContext.only' to only return requested code actions.
2025-04-15 12:08:09.168 [warning] vscode.json-language-features - Code actions of kind 'quickfix' requested but returned code action is of kind 'source.sort.json'. Code action will be dropped. Please check 'CodeActionContext.only' to only return requested code actions.
2025-04-15 12:08:09.168 [warning] vscode.json-language-features - Code actions of kind 'quickfix' requested but returned code action is of kind 'source.sort.json'. Code action will be dropped. Please check 'CodeActionContext.only' to only return requested code actions.
2025-04-15 12:08:09.169 [warning] vscode.json-language-features - Code actions of kind 'quickfix' requested but returned code action is of kind 'source.sort.json'. Code action will be dropped. Please check 'CodeActionContext.only' to only return requested code actions.
2025-04-15 12:08:09.169 [warning] vscode.json-language-features - Code actions of kind 'quickfix' requested but returned code action is of kind 'source.sort.json'. Code action will be dropped. Please check 'CodeActionContext.only' to only return requested code actions.
2025-04-15 12:08:09.170 [warning] vscode.json-language-features - Code actions of kind 'quickfix' requested but returned code action is of kind 'source.sort.json'. Code action will be dropped. Please check 'CodeActionContext.only' to only return requested code actions.
2025-04-15 12:08:09.170 [warning] vscode.json-language-features - Code actions of kind 'quickfix' requested but returned code action is of kind 'source.sort.json'. Code action will be dropped. Please check 'CodeActionContext.only' to only return requested code actions.
2025-04-15 12:08:09.171 [warning] vscode.json-language-features - Code actions of kind 'quickfix' requested but returned code action is of kind 'source.sort.json'. Code action will be dropped. Please check 'CodeActionContext.only' to only return requested code actions.
2025-04-15 12:08:09.171 [warning] vscode.json-language-features - Code actions of kind 'quickfix' requested but returned code action is of kind 'source.sort.json'. Code action will be dropped. Please check 'CodeActionContext.only' to only return requested code actions.
2025-04-15 12:08:09.172 [warning] vscode.json-language-features - Code actions of kind 'quickfix' requested but returned code action is of kind 'source.sort.json'. Code action will be dropped. Please check 'CodeActionContext.only' to only return requested code actions.
2025-04-15 12:08:09.172 [warning] vscode.json-language-features - Code actions of kind 'quickfix' requested but returned code action is of kind 'source.sort.json'. Code action will be dropped. Please check 'CodeActionContext.only' to only return requested code actions.
2025-04-15 12:08:09.172 [warning] vscode.json-language-features - Code actions of kind 'quickfix' requested but returned code action is of kind 'source.sort.json'. Code action will be dropped. Please check 'CodeActionContext.only' to only return requested code actions.
2025-04-15 12:08:09.173 [warning] vscode.json-language-features - Code actions of kind 'quickfix' requested but returned code action is of kind 'source.sort.json'. Code action will be dropped. Please check 'CodeActionContext.only' to only return requested code actions.
2025-04-15 12:08:09.173 [warning] vscode.json-language-features - Code actions of kind 'quickfix' requested but returned code action is of kind 'source.sort.json'. Code action will be dropped. Please check 'CodeActionContext.only' to only return requested code actions.
2025-04-15 12:08:09.174 [warning] vscode.json-language-features - Code actions of kind 'quickfix' requested but returned code action is of kind 'source.sort.json'. Code action will be dropped. Please check 'CodeActionContext.only' to only return requested code actions.
2025-04-15 12:08:09.174 [warning] vscode.json-language-features - Code actions of kind 'quickfix' requested but returned code action is of kind 'source.sort.json'. Code action will be dropped. Please check 'CodeActionContext.only' to only return requested code actions.
2025-04-15 12:08:09.175 [warning] vscode.json-language-features - Code actions of kind 'quickfix' requested but returned code action is of kind 'source.sort.json'. Code action will be dropped. Please check 'CodeActionContext.only' to only return requested code actions.
2025-04-15 12:08:09.271 [warning] vscode.json-language-features - Code actions of kind 'quickfix' requested but returned code action is of kind 'source.sort.json'. Code action will be dropped. Please check 'CodeActionContext.only' to only return requested code actions.
2025-04-15 12:08:09.272 [warning] vscode.json-language-features - Code actions of kind 'quickfix' requested but returned code action is of kind 'source.sort.json'. Code action will be dropped. Please check 'CodeActionContext.only' to only return requested code actions.
2025-04-15 12:08:09.272 [warning] vscode.json-language-features - Code actions of kind 'quickfix' requested but returned code action is of kind 'source.sort.json'. Code action will be dropped. Please check 'CodeActionContext.only' to only return requested code actions.
2025-04-15 12:08:09.273 [warning] vscode.json-language-features - Code actions of kind 'quickfix' requested but returned code action is of kind 'source.sort.json'. Code action will be dropped. Please check 'CodeActionContext.only' to only return requested code actions.
2025-04-15 12:08:09.274 [warning] vscode.json-language-features - Code actions of kind 'quickfix' requested but returned code action is of kind 'source.sort.json'. Code action will be dropped. Please check 'CodeActionContext.only' to only return requested code actions.
2025-04-15 12:08:09.274 [warning] vscode.json-language-features - Code actions of kind 'quickfix' requested but returned code action is of kind 'source.sort.json'. Code action will be dropped. Please check 'CodeActionContext.only' to only return requested code actions.
2025-04-15 12:08:09.274 [warning] vscode.json-language-features - Code actions of kind 'quickfix' requested but returned code action is of kind 'source.sort.json'. Code action will be dropped. Please check 'CodeActionContext.only' to only return requested code actions.
2025-04-15 12:08:09.275 [warning] vscode.json-language-features - Code actions of kind 'quickfix' requested but returned code action is of kind 'source.sort.json'. Code action will be dropped. Please check 'CodeActionContext.only' to only return requested code actions.
2025-04-15 12:08:09.275 [warning] vscode.json-language-features - Code actions of kind 'quickfix' requested but returned code action is of kind 'source.sort.json'. Code action will be dropped. Please check 'CodeActionContext.only' to only return requested code actions.
2025-04-15 12:08:09.276 [warning] vscode.json-language-features - Code actions of kind 'quickfix' requested but returned code action is of kind 'source.sort.json'. Code action will be dropped. Please check 'CodeActionContext.only' to only return requested code actions.
2025-04-15 12:08:09.276 [warning] vscode.json-language-features - Code actions of kind 'quickfix' requested but returned code action is of kind 'source.sort.json'. Code action will be dropped. Please check 'CodeActionContext.only' to only return requested code actions.
2025-04-15 12:08:09.276 [warning] vscode.json-language-features - Code actions of kind 'quickfix' requested but returned code action is of kind 'source.sort.json'. Code action will be dropped. Please check 'CodeActionContext.only' to only return requested code actions.
2025-04-15 12:08:09.277 [warning] vscode.json-language-features - Code actions of kind 'quickfix' requested but returned code action is of kind 'source.sort.json'. Code action will be dropped. Please check 'CodeActionContext.only' to only return requested code actions.
2025-04-15 12:08:09.277 [warning] vscode.json-language-features - Code actions of kind 'quickfix' requested but returned code action is of kind 'source.sort.json'. Code action will be dropped. Please check 'CodeActionContext.only' to only return requested code actions.
2025-04-15 12:08:09.278 [warning] vscode.json-language-features - Code actions of kind 'quickfix' requested but returned code action is of kind 'source.sort.json'. Code action will be dropped. Please check 'CodeActionContext.only' to only return requested code actions.
2025-04-15 12:08:09.278 [warning] vscode.json-language-features - Code actions of kind 'quickfix' requested but returned code action is of kind 'source.sort.json'. Code action will be dropped. Please check 'CodeActionContext.only' to only return requested code actions.
2025-04-15 12:08:09.279 [warning] vscode.json-language-features - Code actions of kind 'quickfix' requested but returned code action is of kind 'source.sort.json'. Code action will be dropped. Please check 'CodeActionContext.only' to only return requested code actions.
2025-04-15 12:08:09.279 [warning] vscode.json-language-features - Code actions of kind 'quickfix' requested but returned code action is of kind 'source.sort.json'. Code action will be dropped. Please check 'CodeActionContext.only' to only return requested code actions.
2025-04-15 12:08:12.507 [warning] vscode.json-language-features - Code actions of kind 'quickfix' requested but returned code action is of kind 'source.sort.json'. Code action will be dropped. Please check 'CodeActionContext.only' to only return requested code actions.
2025-04-15 12:08:12.510 [warning] vscode.json-language-features - Code actions of kind 'quickfix' requested but returned code action is of kind 'source.sort.json'. Code action will be dropped. Please check 'CodeActionContext.only' to only return requested code actions.
2025-04-15 12:08:12.511 [warning] vscode.json-language-features - Code actions of kind 'quickfix' requested but returned code action is of kind 'source.sort.json'. Code action will be dropped. Please check 'CodeActionContext.only' to only return requested code actions.
2025-04-15 12:08:12.512 [warning] vscode.json-language-features - Code actions of kind 'quickfix' requested but returned code action is of kind 'source.sort.json'. Code action will be dropped. Please check 'CodeActionContext.only' to only return requested code actions.
2025-04-15 12:08:12.513 [warning] vscode.json-language-features - Code actions of kind 'quickfix' requested but returned code action is of kind 'source.sort.json'. Code action will be dropped. Please check 'CodeActionContext.only' to only return requested code actions.
2025-04-15 12:08:12.514 [warning] vscode.json-language-features - Code actions of kind 'quickfix' requested but returned code action is of kind 'source.sort.json'. Code action will be dropped. Please check 'CodeActionContext.only' to only return requested code actions.
2025-04-15 12:08:12.515 [warning] vscode.json-language-features - Code actions of kind 'quickfix' requested but returned code action is of kind 'source.sort.json'. Code action will be dropped. Please check 'CodeActionContext.only' to only return requested code actions.
2025-04-15 12:08:12.516 [warning] vscode.json-language-features - Code actions of kind 'quickfix' requested but returned code action is of kind 'source.sort.json'. Code action will be dropped. Please check 'CodeActionContext.only' to only return requested code actions.
2025-04-15 12:08:12.516 [warning] vscode.json-language-features - Code actions of kind 'quickfix' requested but returned code action is of kind 'source.sort.json'. Code action will be dropped. Please check 'CodeActionContext.only' to only return requested code actions.
2025-04-15 12:08:13.029 [warning] vscode.json-language-features - Code actions of kind 'quickfix' requested but returned code action is of kind 'source.sort.json'. Code action will be dropped. Please check 'CodeActionContext.only' to only return requested code actions.
2025-04-15 12:08:13.029 [warning] vscode.json-language-features - Code actions of kind 'quickfix' requested but returned code action is of kind 'source.sort.json'. Code action will be dropped. Please check 'CodeActionContext.only' to only return requested code actions.
2025-04-15 12:08:13.030 [warning] vscode.json-language-features - Code actions of kind 'quickfix' requested but returned code action is of kind 'source.sort.json'. Code action will be dropped. Please check 'CodeActionContext.only' to only return requested code actions.
2025-04-15 12:08:13.031 [warning] vscode.json-language-features - Code actions of kind 'quickfix' requested but returned code action is of kind 'source.sort.json'. Code action will be dropped. Please check 'CodeActionContext.only' to only return requested code actions.
2025-04-15 12:08:13.031 [warning] vscode.json-language-features - Code actions of kind 'quickfix' requested but returned code action is of kind 'source.sort.json'. Code action will be dropped. Please check 'CodeActionContext.only' to only return requested code actions.
2025-04-15 12:08:13.031 [warning] vscode.json-language-features - Code actions of kind 'quickfix' requested but returned code action is of kind 'source.sort.json'. Code action will be dropped. Please check 'CodeActionContext.only' to only return requested code actions.
2025-04-15 12:08:13.032 [warning] vscode.json-language-features - Code actions of kind 'quickfix' requested but returned code action is of kind 'source.sort.json'. Code action will be dropped. Please check 'CodeActionContext.only' to only return requested code actions.
2025-04-15 12:08:13.032 [warning] vscode.json-language-features - Code actions of kind 'quickfix' requested but returned code action is of kind 'source.sort.json'. Code action will be dropped. Please check 'CodeActionContext.only' to only return requested code actions.
2025-04-15 12:08:13.033 [warning] vscode.json-language-features - Code actions of kind 'quickfix' requested but returned code action is of kind 'source.sort.json'. Code action will be dropped. Please check 'CodeActionContext.only' to only return requested code actions.
2025-04-15 12:08:13.033 [warning] vscode.json-language-features - Code actions of kind 'quickfix' requested but returned code action is of kind 'source.sort.json'. Code action will be dropped. Please check 'CodeActionContext.only' to only return requested code actions.
2025-04-15 12:08:13.033 [warning] vscode.json-language-features - Code actions of kind 'quickfix' requested but returned code action is of kind 'source.sort.json'. Code action will be dropped. Please check 'CodeActionContext.only' to only return requested code actions.
2025-04-15 12:08:13.034 [warning] vscode.json-language-features - Code actions of kind 'quickfix' requested but returned code action is of kind 'source.sort.json'. Code action will be dropped. Please check 'CodeActionContext.only' to only return requested code actions.
2025-04-15 12:08:13.034 [warning] vscode.json-language-features - Code actions of kind 'quickfix' requested but returned code action is of kind 'source.sort.json'. Code action will be dropped. Please check 'CodeActionContext.only' to only return requested code actions.
2025-04-15 12:08:13.035 [warning] vscode.json-language-features - Code actions of kind 'quickfix' requested but returned code action is of kind 'source.sort.json'. Code action will be dropped. Please check 'CodeActionContext.only' to only return requested code actions.
2025-04-15 12:08:13.035 [warning] vscode.json-language-features - Code actions of kind 'quickfix' requested but returned code action is of kind 'source.sort.json'. Code action will be dropped. Please check 'CodeActionContext.only' to only return requested code actions.
2025-04-15 12:08:13.036 [warning] vscode.json-language-features - Code actions of kind 'quickfix' requested but returned code action is of kind 'source.sort.json'. Code action will be dropped. Please check 'CodeActionContext.only' to only return requested code actions.
2025-04-15 12:08:13.036 [warning] vscode.json-language-features - Code actions of kind 'quickfix' requested but returned code action is of kind 'source.sort.json'. Code action will be dropped. Please check 'CodeActionContext.only' to only return requested code actions.
2025-04-15 12:08:13.036 [warning] vscode.json-language-features - Code actions of kind 'quickfix' requested but returned code action is of kind 'source.sort.json'. Code action will be dropped. Please check 'CodeActionContext.only' to only return requested code actions.
2025-04-15 12:08:13.120 [warning] vscode.json-language-features - Code actions of kind 'quickfix' requested but returned code action is of kind 'source.sort.json'. Code action will be dropped. Please check 'CodeActionContext.only' to only return requested code actions.
2025-04-15 12:08:13.120 [warning] vscode.json-language-features - Code actions of kind 'quickfix' requested but returned code action is of kind 'source.sort.json'. Code action will be dropped. Please check 'CodeActionContext.only' to only return requested code actions.
2025-04-15 12:08:13.121 [warning] vscode.json-language-features - Code actions of kind 'quickfix' requested but returned code action is of kind 'source.sort.json'. Code action will be dropped. Please check 'CodeActionContext.only' to only return requested code actions.
2025-04-15 12:08:13.121 [warning] vscode.json-language-features - Code actions of kind 'quickfix' requested but returned code action is of kind 'source.sort.json'. Code action will be dropped. Please check 'CodeActionContext.only' to only return requested code actions.
2025-04-15 12:08:13.122 [warning] vscode.json-language-features - Code actions of kind 'quickfix' requested but returned code action is of kind 'source.sort.json'. Code action will be dropped. Please check 'CodeActionContext.only' to only return requested code actions.
2025-04-15 12:08:13.122 [warning] vscode.json-language-features - Code actions of kind 'quickfix' requested but returned code action is of kind 'source.sort.json'. Code action will be dropped. Please check 'CodeActionContext.only' to only return requested code actions.
2025-04-15 12:08:13.123 [warning] vscode.json-language-features - Code actions of kind 'quickfix' requested but returned code action is of kind 'source.sort.json'. Code action will be dropped. Please check 'CodeActionContext.only' to only return requested code actions.
2025-04-15 12:08:13.123 [warning] vscode.json-language-features - Code actions of kind 'quickfix' requested but returned code action is of kind 'source.sort.json'. Code action will be dropped. Please check 'CodeActionContext.only' to only return requested code actions.
2025-04-15 12:08:13.124 [warning] vscode.json-language-features - Code actions of kind 'quickfix' requested but returned code action is of kind 'source.sort.json'. Code action will be dropped. Please check 'CodeActionContext.only' to only return requested code actions.
2025-04-15 12:08:13.124 [warning] vscode.json-language-features - Code actions of kind 'quickfix' requested but returned code action is of kind 'source.sort.json'. Code action will be dropped. Please check 'CodeActionContext.only' to only return requested code actions.
2025-04-15 12:08:13.130 [warning] vscode.json-language-features - Code actions of kind 'quickfix' requested but returned code action is of kind 'source.sort.json'. Code action will be dropped. Please check 'CodeActionContext.only' to only return requested code actions.
2025-04-15 12:08:13.131 [warning] vscode.json-language-features - Code actions of kind 'quickfix' requested but returned code action is of kind 'source.sort.json'. Code action will be dropped. Please check 'CodeActionContext.only' to only return requested code actions.
2025-04-15 12:08:13.135 [warning] vscode.json-language-features - Code actions of kind 'quickfix' requested but returned code action is of kind 'source.sort.json'. Code action will be dropped. Please check 'CodeActionContext.only' to only return requested code actions.
2025-04-15 12:08:13.135 [warning] vscode.json-language-features - Code actions of kind 'quickfix' requested but returned code action is of kind 'source.sort.json'. Code action will be dropped. Please check 'CodeActionContext.only' to only return requested code actions.
2025-04-15 12:08:13.136 [warning] vscode.json-language-features - Code actions of kind 'quickfix' requested but returned code action is of kind 'source.sort.json'. Code action will be dropped. Please check 'CodeActionContext.only' to only return requested code actions.
2025-04-15 12:08:13.136 [warning] vscode.json-language-features - Code actions of kind 'quickfix' requested but returned code action is of kind 'source.sort.json'. Code action will be dropped. Please check 'CodeActionContext.only' to only return requested code actions.
2025-04-15 12:08:13.136 [warning] vscode.json-language-features - Code actions of kind 'quickfix' requested but returned code action is of kind 'source.sort.json'. Code action will be dropped. Please check 'CodeActionContext.only' to only return requested code actions.
2025-04-15 12:08:13.137 [warning] vscode.json-language-features - Code actions of kind 'quickfix' requested but returned code action is of kind 'source.sort.json'. Code action will be dropped. Please check 'CodeActionContext.only' to only return requested code actions.
2025-04-15 12:08:13.146 [warning] vscode.json-language-features - Code actions of kind 'quickfix' requested but returned code action is of kind 'source.sort.json'. Code action will be dropped. Please check 'CodeActionContext.only' to only return requested code actions.
2025-04-15 12:08:13.146 [warning] vscode.json-language-features - Code actions of kind 'quickfix' requested but returned code action is of kind 'source.sort.json'. Code action will be dropped. Please check 'CodeActionContext.only' to only return requested code actions.
2025-04-15 12:08:13.146 [warning] vscode.json-language-features - Code actions of kind 'quickfix' requested but returned code action is of kind 'source.sort.json'. Code action will be dropped. Please check 'CodeActionContext.only' to only return requested code actions.
2025-04-15 12:08:13.147 [warning] vscode.json-language-features - Code actions of kind 'quickfix' requested but returned code action is of kind 'source.sort.json'. Code action will be dropped. Please check 'CodeActionContext.only' to only return requested code actions.
2025-04-15 12:08:13.147 [warning] vscode.json-language-features - Code actions of kind 'quickfix' requested but returned code action is of kind 'source.sort.json'. Code action will be dropped. Please check 'CodeActionContext.only' to only return requested code actions.
2025-04-15 12:08:13.148 [warning] vscode.json-language-features - Code actions of kind 'quickfix' requested but returned code action is of kind 'source.sort.json'. Code action will be dropped. Please check 'CodeActionContext.only' to only return requested code actions.
2025-04-15 12:08:13.148 [warning] vscode.json-language-features - Code actions of kind 'quickfix' requested but returned code action is of kind 'source.sort.json'. Code action will be dropped. Please check 'CodeActionContext.only' to only return requested code actions.
2025-04-15 12:08:13.148 [warning] vscode.json-language-features - Code actions of kind 'quickfix' requested but returned code action is of kind 'source.sort.json'. Code action will be dropped. Please check 'CodeActionContext.only' to only return requested code actions.
2025-04-15 12:08:13.149 [warning] vscode.json-language-features - Code actions of kind 'quickfix' requested but returned code action is of kind 'source.sort.json'. Code action will be dropped. Please check 'CodeActionContext.only' to only return requested code actions.
2025-04-15 12:08:13.149 [warning] vscode.json-language-features - Code actions of kind 'quickfix' requested but returned code action is of kind 'source.sort.json'. Code action will be dropped. Please check 'CodeActionContext.only' to only return requested code actions.
2025-04-15 12:08:13.150 [warning] vscode.json-language-features - Code actions of kind 'quickfix' requested but returned code action is of kind 'source.sort.json'. Code action will be dropped. Please check 'CodeActionContext.only' to only return requested code actions.
2025-04-15 12:08:13.150 [warning] vscode.json-language-features - Code actions of kind 'quickfix' requested but returned code action is of kind 'source.sort.json'. Code action will be dropped. Please check 'CodeActionContext.only' to only return requested code actions.
2025-04-15 12:08:13.151 [warning] vscode.json-language-features - Code actions of kind 'quickfix' requested but returned code action is of kind 'source.sort.json'. Code action will be dropped. Please check 'CodeActionContext.only' to only return requested code actions.
2025-04-15 12:08:13.152 [warning] vscode.json-language-features - Code actions of kind 'quickfix' requested but returned code action is of kind 'source.sort.json'. Code action will be dropped. Please check 'CodeActionContext.only' to only return requested code actions.
2025-04-15 12:08:13.152 [warning] vscode.json-language-features - Code actions of kind 'quickfix' requested but returned code action is of kind 'source.sort.json'. Code action will be dropped. Please check 'CodeActionContext.only' to only return requested code actions.
2025-04-15 12:08:13.152 [warning] vscode.json-language-features - Code actions of kind 'quickfix' requested but returned code action is of kind 'source.sort.json'. Code action will be dropped. Please check 'CodeActionContext.only' to only return requested code actions.
2025-04-15 12:08:13.153 [warning] vscode.json-language-features - Code actions of kind 'quickfix' requested but returned code action is of kind 'source.sort.json'. Code action will be dropped. Please check 'CodeActionContext.only' to only return requested code actions.
2025-04-15 12:08:13.153 [warning] vscode.json-language-features - Code actions of kind 'quickfix' requested but returned code action is of kind 'source.sort.json'. Code action will be dropped. Please check 'CodeActionContext.only' to only return requested code actions.
2025-04-15 12:08:13.180 [warning] vscode.json-language-features - Code actions of kind 'quickfix' requested but returned code action is of kind 'source.sort.json'. Code action will be dropped. Please check 'CodeActionContext.only' to only return requested code actions.
2025-04-15 12:08:13.180 [warning] vscode.json-language-features - Code actions of kind 'quickfix' requested but returned code action is of kind 'source.sort.json'. Code action will be dropped. Please check 'CodeActionContext.only' to only return requested code actions.
2025-04-15 12:08:13.181 [warning] vscode.json-language-features - Code actions of kind 'quickfix' requested but returned code action is of kind 'source.sort.json'. Code action will be dropped. Please check 'CodeActionContext.only' to only return requested code actions.
2025-04-15 12:08:13.181 [warning] vscode.json-language-features - Code actions of kind 'quickfix' requested but returned code action is of kind 'source.sort.json'. Code action will be dropped. Please check 'CodeActionContext.only' to only return requested code actions.
2025-04-15 12:08:13.182 [warning] vscode.json-language-features - Code actions of kind 'quickfix' requested but returned code action is of kind 'source.sort.json'. Code action will be dropped. Please check 'CodeActionContext.only' to only return requested code actions.
2025-04-15 12:08:13.182 [warning] vscode.json-language-features - Code actions of kind 'quickfix' requested but returned code action is of kind 'source.sort.json'. Code action will be dropped. Please check 'CodeActionContext.only' to only return requested code actions.
2025-04-15 12:08:13.183 [warning] vscode.json-language-features - Code actions of kind 'quickfix' requested but returned code action is of kind 'source.sort.json'. Code action will be dropped. Please check 'CodeActionContext.only' to only return requested code actions.
2025-04-15 12:08:13.184 [warning] vscode.json-language-features - Code actions of kind 'quickfix' requested but returned code action is of kind 'source.sort.json'. Code action will be dropped. Please check 'CodeActionContext.only' to only return requested code actions.
2025-04-15 12:08:13.184 [warning] vscode.json-language-features - Code actions of kind 'quickfix' requested but returned code action is of kind 'source.sort.json'. Code action will be dropped. Please check 'CodeActionContext.only' to only return requested code actions.
2025-04-15 12:08:13.184 [warning] vscode.json-language-features - Code actions of kind 'quickfix' requested but returned code action is of kind 'source.sort.json'. Code action will be dropped. Please check 'CodeActionContext.only' to only return requested code actions.
2025-04-15 12:08:13.185 [warning] vscode.json-language-features - Code actions of kind 'quickfix' requested but returned code action is of kind 'source.sort.json'. Code action will be dropped. Please check 'CodeActionContext.only' to only return requested code actions.
2025-04-15 12:08:13.185 [warning] vscode.json-language-features - Code actions of kind 'quickfix' requested but returned code action is of kind 'source.sort.json'. Code action will be dropped. Please check 'CodeActionContext.only' to only return requested code actions.
2025-04-15 12:08:13.186 [warning] vscode.json-language-features - Code actions of kind 'quickfix' requested but returned code action is of kind 'source.sort.json'. Code action will be dropped. Please check 'CodeActionContext.only' to only return requested code actions.
2025-04-15 12:08:13.186 [warning] vscode.json-language-features - Code actions of kind 'quickfix' requested but returned code action is of kind 'source.sort.json'. Code action will be dropped. Please check 'CodeActionContext.only' to only return requested code actions.
2025-04-15 12:08:13.186 [warning] vscode.json-language-features - Code actions of kind 'quickfix' requested but returned code action is of kind 'source.sort.json'. Code action will be dropped. Please check 'CodeActionContext.only' to only return requested code actions.
2025-04-15 12:08:13.187 [warning] vscode.json-language-features - Code actions of kind 'quickfix' requested but returned code action is of kind 'source.sort.json'. Code action will be dropped. Please check 'CodeActionContext.only' to only return requested code actions.
2025-04-15 12:08:13.187 [warning] vscode.json-language-features - Code actions of kind 'quickfix' requested but returned code action is of kind 'source.sort.json'. Code action will be dropped. Please check 'CodeActionContext.only' to only return requested code actions.
2025-04-15 12:08:13.188 [warning] vscode.json-language-features - Code actions of kind 'quickfix' requested but returned code action is of kind 'source.sort.json'. Code action will be dropped. Please check 'CodeActionContext.only' to only return requested code actions.
2025-04-15 12:08:13.211 [warning] vscode.json-language-features - Code actions of kind 'quickfix' requested but returned code action is of kind 'source.sort.json'. Code action will be dropped. Please check 'CodeActionContext.only' to only return requested code actions.
2025-04-15 12:08:13.211 [warning] vscode.json-language-features - Code actions of kind 'quickfix' requested but returned code action is of kind 'source.sort.json'. Code action will be dropped. Please check 'CodeActionContext.only' to only return requested code actions.
2025-04-15 12:08:13.212 [warning] vscode.json-language-features - Code actions of kind 'quickfix' requested but returned code action is of kind 'source.sort.json'. Code action will be dropped. Please check 'CodeActionContext.only' to only return requested code actions.
2025-04-15 12:08:13.212 [warning] vscode.json-language-features - Code actions of kind 'quickfix' requested but returned code action is of kind 'source.sort.json'. Code action will be dropped. Please check 'CodeActionContext.only' to only return requested code actions.
2025-04-15 12:08:13.213 [warning] vscode.json-language-features - Code actions of kind 'quickfix' requested but returned code action is of kind 'source.sort.json'. Code action will be dropped. Please check 'CodeActionContext.only' to only return requested code actions.
2025-04-15 12:08:13.213 [warning] vscode.json-language-features - Code actions of kind 'quickfix' requested but returned code action is of kind 'source.sort.json'. Code action will be dropped. Please check 'CodeActionContext.only' to only return requested code actions.
2025-04-15 12:08:13.213 [warning] vscode.json-language-features - Code actions of kind 'quickfix' requested but returned code action is of kind 'source.sort.json'. Code action will be dropped. Please check 'CodeActionContext.only' to only return requested code actions.
2025-04-15 12:08:13.213 [warning] vscode.json-language-features - Code actions of kind 'quickfix' requested but returned code action is of kind 'source.sort.json'. Code action will be dropped. Please check 'CodeActionContext.only' to only return requested code actions.
2025-04-15 12:08:13.214 [warning] vscode.json-language-features - Code actions of kind 'quickfix' requested but returned code action is of kind 'source.sort.json'. Code action will be dropped. Please check 'CodeActionContext.only' to only return requested code actions.
2025-04-15 12:08:13.214 [warning] vscode.json-language-features - Code actions of kind 'quickfix' requested but returned code action is of kind 'source.sort.json'. Code action will be dropped. Please check 'CodeActionContext.only' to only return requested code actions.
2025-04-15 12:08:13.215 [warning] vscode.json-language-features - Code actions of kind 'quickfix' requested but returned code action is of kind 'source.sort.json'. Code action will be dropped. Please check 'CodeActionContext.only' to only return requested code actions.
2025-04-15 12:08:13.215 [warning] vscode.json-language-features - Code actions of kind 'quickfix' requested but returned code action is of kind 'source.sort.json'. Code action will be dropped. Please check 'CodeActionContext.only' to only return requested code actions.
2025-04-15 12:08:13.215 [warning] vscode.json-language-features - Code actions of kind 'quickfix' requested but returned code action is of kind 'source.sort.json'. Code action will be dropped. Please check 'CodeActionContext.only' to only return requested code actions.
2025-04-15 12:08:13.215 [warning] vscode.json-language-features - Code actions of kind 'quickfix' requested but returned code action is of kind 'source.sort.json'. Code action will be dropped. Please check 'CodeActionContext.only' to only return requested code actions.
2025-04-15 12:08:13.216 [warning] vscode.json-language-features - Code actions of kind 'quickfix' requested but returned code action is of kind 'source.sort.json'. Code action will be dropped. Please check 'CodeActionContext.only' to only return requested code actions.
2025-04-15 12:08:13.216 [warning] vscode.json-language-features - Code actions of kind 'quickfix' requested but returned code action is of kind 'source.sort.json'. Code action will be dropped. Please check 'CodeActionContext.only' to only return requested code actions.
2025-04-15 12:08:13.216 [warning] vscode.json-language-features - Code actions of kind 'quickfix' requested but returned code action is of kind 'source.sort.json'. Code action will be dropped. Please check 'CodeActionContext.only' to only return requested code actions.
2025-04-15 12:08:13.216 [warning] vscode.json-language-features - Code actions of kind 'quickfix' requested but returned code action is of kind 'source.sort.json'. Code action will be dropped. Please check 'CodeActionContext.only' to only return requested code actions.
2025-04-15 12:08:13.368 [warning] vscode.json-language-features - Code actions of kind 'quickfix' requested but returned code action is of kind 'source.sort.json'. Code action will be dropped. Please check 'CodeActionContext.only' to only return requested code actions.
2025-04-15 12:08:13.368 [warning] vscode.json-language-features - Code actions of kind 'quickfix' requested but returned code action is of kind 'source.sort.json'. Code action will be dropped. Please check 'CodeActionContext.only' to only return requested code actions.
2025-04-15 12:08:13.369 [warning] vscode.json-language-features - Code actions of kind 'quickfix' requested but returned code action is of kind 'source.sort.json'. Code action will be dropped. Please check 'CodeActionContext.only' to only return requested code actions.
2025-04-15 12:08:13.369 [warning] vscode.json-language-features - Code actions of kind 'quickfix' requested but returned code action is of kind 'source.sort.json'. Code action will be dropped. Please check 'CodeActionContext.only' to only return requested code actions.
2025-04-15 12:08:13.370 [warning] vscode.json-language-features - Code actions of kind 'quickfix' requested but returned code action is of kind 'source.sort.json'. Code action will be dropped. Please check 'CodeActionContext.only' to only return requested code actions.
2025-04-15 12:08:13.370 [warning] vscode.json-language-features - Code actions of kind 'quickfix' requested but returned code action is of kind 'source.sort.json'. Code action will be dropped. Please check 'CodeActionContext.only' to only return requested code actions.
2025-04-15 12:08:13.371 [warning] vscode.json-language-features - Code actions of kind 'quickfix' requested but returned code action is of kind 'source.sort.json'. Code action will be dropped. Please check 'CodeActionContext.only' to only return requested code actions.
2025-04-15 12:08:13.371 [warning] vscode.json-language-features - Code actions of kind 'quickfix' requested but returned code action is of kind 'source.sort.json'. Code action will be dropped. Please check 'CodeActionContext.only' to only return requested code actions.
2025-04-15 12:08:13.371 [warning] vscode.json-language-features - Code actions of kind 'quickfix' requested but returned code action is of kind 'source.sort.json'. Code action will be dropped. Please check 'CodeActionContext.only' to only return requested code actions.
2025-04-15 12:08:13.372 [warning] vscode.json-language-features - Code actions of kind 'quickfix' requested but returned code action is of kind 'source.sort.json'. Code action will be dropped. Please check 'CodeActionContext.only' to only return requested code actions.
2025-04-15 12:08:13.372 [warning] vscode.json-language-features - Code actions of kind 'quickfix' requested but returned code action is of kind 'source.sort.json'. Code action will be dropped. Please check 'CodeActionContext.only' to only return requested code actions.
2025-04-15 12:08:13.372 [warning] vscode.json-language-features - Code actions of kind 'quickfix' requested but returned code action is of kind 'source.sort.json'. Code action will be dropped. Please check 'CodeActionContext.only' to only return requested code actions.
2025-04-15 12:08:13.373 [warning] vscode.json-language-features - Code actions of kind 'quickfix' requested but returned code action is of kind 'source.sort.json'. Code action will be dropped. Please check 'CodeActionContext.only' to only return requested code actions.
2025-04-15 12:08:13.373 [warning] vscode.json-language-features - Code actions of kind 'quickfix' requested but returned code action is of kind 'source.sort.json'. Code action will be dropped. Please check 'CodeActionContext.only' to only return requested code actions.
2025-04-15 12:08:13.374 [warning] vscode.json-language-features - Code actions of kind 'quickfix' requested but returned code action is of kind 'source.sort.json'. Code action will be dropped. Please check 'CodeActionContext.only' to only return requested code actions.
2025-04-15 12:08:13.374 [warning] vscode.json-language-features - Code actions of kind 'quickfix' requested but returned code action is of kind 'source.sort.json'. Code action will be dropped. Please check 'CodeActionContext.only' to only return requested code actions.
2025-04-15 12:08:13.375 [warning] vscode.json-language-features - Code actions of kind 'quickfix' requested but returned code action is of kind 'source.sort.json'. Code action will be dropped. Please check 'CodeActionContext.only' to only return requested code actions.
2025-04-15 12:08:13.375 [warning] vscode.json-language-features - Code actions of kind 'quickfix' requested but returned code action is of kind 'source.sort.json'. Code action will be dropped. Please check 'CodeActionContext.only' to only return requested code actions.
2025-04-15 12:08:13.523 [warning] vscode.json-language-features - Code actions of kind 'quickfix' requested but returned code action is of kind 'source.sort.json'. Code action will be dropped. Please check 'CodeActionContext.only' to only return requested code actions.
2025-04-15 12:08:13.523 [warning] vscode.json-language-features - Code actions of kind 'quickfix' requested but returned code action is of kind 'source.sort.json'. Code action will be dropped. Please check 'CodeActionContext.only' to only return requested code actions.
2025-04-15 12:08:13.524 [warning] vscode.json-language-features - Code actions of kind 'quickfix' requested but returned code action is of kind 'source.sort.json'. Code action will be dropped. Please check 'CodeActionContext.only' to only return requested code actions.
2025-04-15 12:08:13.524 [warning] vscode.json-language-features - Code actions of kind 'quickfix' requested but returned code action is of kind 'source.sort.json'. Code action will be dropped. Please check 'CodeActionContext.only' to only return requested code actions.
2025-04-15 12:08:13.524 [warning] vscode.json-language-features - Code actions of kind 'quickfix' requested but returned code action is of kind 'source.sort.json'. Code action will be dropped. Please check 'CodeActionContext.only' to only return requested code actions.
2025-04-15 12:08:13.525 [warning] vscode.json-language-features - Code actions of kind 'quickfix' requested but returned code action is of kind 'source.sort.json'. Code action will be dropped. Please check 'CodeActionContext.only' to only return requested code actions.
2025-04-15 12:08:13.526 [warning] vscode.json-language-features - Code actions of kind 'quickfix' requested but returned code action is of kind 'source.sort.json'. Code action will be dropped. Please check 'CodeActionContext.only' to only return requested code actions.
2025-04-15 12:08:13.526 [warning] vscode.json-language-features - Code actions of kind 'quickfix' requested but returned code action is of kind 'source.sort.json'. Code action will be dropped. Please check 'CodeActionContext.only' to only return requested code actions.
2025-04-15 12:08:13.527 [warning] vscode.json-language-features - Code actions of kind 'quickfix' requested but returned code action is of kind 'source.sort.json'. Code action will be dropped. Please check 'CodeActionContext.only' to only return requested code actions.
2025-04-15 12:08:13.528 [warning] vscode.json-language-features - Code actions of kind 'quickfix' requested but returned code action is of kind 'source.sort.json'. Code action will be dropped. Please check 'CodeActionContext.only' to only return requested code actions.
2025-04-15 12:08:13.528 [warning] vscode.json-language-features - Code actions of kind 'quickfix' requested but returned code action is of kind 'source.sort.json'. Code action will be dropped. Please check 'CodeActionContext.only' to only return requested code actions.
2025-04-15 12:08:13.528 [warning] vscode.json-language-features - Code actions of kind 'quickfix' requested but returned code action is of kind 'source.sort.json'. Code action will be dropped. Please check 'CodeActionContext.only' to only return requested code actions.
2025-04-15 12:08:13.529 [warning] vscode.json-language-features - Code actions of kind 'quickfix' requested but returned code action is of kind 'source.sort.json'. Code action will be dropped. Please check 'CodeActionContext.only' to only return requested code actions.
2025-04-15 12:08:13.529 [warning] vscode.json-language-features - Code actions of kind 'quickfix' requested but returned code action is of kind 'source.sort.json'. Code action will be dropped. Please check 'CodeActionContext.only' to only return requested code actions.
2025-04-15 12:08:13.530 [warning] vscode.json-language-features - Code actions of kind 'quickfix' requested but returned code action is of kind 'source.sort.json'. Code action will be dropped. Please check 'CodeActionContext.only' to only return requested code actions.
2025-04-15 12:08:13.530 [warning] vscode.json-language-features - Code actions of kind 'quickfix' requested but returned code action is of kind 'source.sort.json'. Code action will be dropped. Please check 'CodeActionContext.only' to only return requested code actions.
2025-04-15 12:08:13.530 [warning] vscode.json-language-features - Code actions of kind 'quickfix' requested but returned code action is of kind 'source.sort.json'. Code action will be dropped. Please check 'CodeActionContext.only' to only return requested code actions.
2025-04-15 12:08:13.531 [warning] vscode.json-language-features - Code actions of kind 'quickfix' requested but returned code action is of kind 'source.sort.json'. Code action will be dropped. Please check 'CodeActionContext.only' to only return requested code actions.
2025-04-15 12:08:13.661 [warning] vscode.json-language-features - Code actions of kind 'quickfix' requested but returned code action is of kind 'source.sort.json'. Code action will be dropped. Please check 'CodeActionContext.only' to only return requested code actions.
2025-04-15 12:08:13.661 [warning] vscode.json-language-features - Code actions of kind 'quickfix' requested but returned code action is of kind 'source.sort.json'. Code action will be dropped. Please check 'CodeActionContext.only' to only return requested code actions.
2025-04-15 12:08:13.662 [warning] vscode.json-language-features - Code actions of kind 'quickfix' requested but returned code action is of kind 'source.sort.json'. Code action will be dropped. Please check 'CodeActionContext.only' to only return requested code actions.
2025-04-15 12:08:13.662 [warning] vscode.json-language-features - Code actions of kind 'quickfix' requested but returned code action is of kind 'source.sort.json'. Code action will be dropped. Please check 'CodeActionContext.only' to only return requested code actions.
2025-04-15 12:08:13.662 [warning] vscode.json-language-features - Code actions of kind 'quickfix' requested but returned code action is of kind 'source.sort.json'. Code action will be dropped. Please check 'CodeActionContext.only' to only return requested code actions.
2025-04-15 12:08:13.663 [warning] vscode.json-language-features - Code actions of kind 'quickfix' requested but returned code action is of kind 'source.sort.json'. Code action will be dropped. Please check 'CodeActionContext.only' to only return requested code actions.
2025-04-15 12:08:13.664 [warning] vscode.json-language-features - Code actions of kind 'quickfix' requested but returned code action is of kind 'source.sort.json'. Code action will be dropped. Please check 'CodeActionContext.only' to only return requested code actions.
2025-04-15 12:08:13.665 [warning] vscode.json-language-features - Code actions of kind 'quickfix' requested but returned code action is of kind 'source.sort.json'. Code action will be dropped. Please check 'CodeActionContext.only' to only return requested code actions.
2025-04-15 12:08:13.665 [warning] vscode.json-language-features - Code actions of kind 'quickfix' requested but returned code action is of kind 'source.sort.json'. Code action will be dropped. Please check 'CodeActionContext.only' to only return requested code actions.
2025-04-15 12:08:13.665 [warning] vscode.json-language-features - Code actions of kind 'quickfix' requested but returned code action is of kind 'source.sort.json'. Code action will be dropped. Please check 'CodeActionContext.only' to only return requested code actions.
2025-04-15 12:08:13.666 [warning] vscode.json-language-features - Code actions of kind 'quickfix' requested but returned code action is of kind 'source.sort.json'. Code action will be dropped. Please check 'CodeActionContext.only' to only return requested code actions.
2025-04-15 12:08:13.666 [warning] vscode.json-language-features - Code actions of kind 'quickfix' requested but returned code action is of kind 'source.sort.json'. Code action will be dropped. Please check 'CodeActionContext.only' to only return requested code actions.
2025-04-15 12:08:13.667 [warning] vscode.json-language-features - Code actions of kind 'quickfix' requested but returned code action is of kind 'source.sort.json'. Code action will be dropped. Please check 'CodeActionContext.only' to only return requested code actions.
2025-04-15 12:08:13.667 [warning] vscode.json-language-features - Code actions of kind 'quickfix' requested but returned code action is of kind 'source.sort.json'. Code action will be dropped. Please check 'CodeActionContext.only' to only return requested code actions.
2025-04-15 12:08:13.667 [warning] vscode.json-language-features - Code actions of kind 'quickfix' requested but returned code action is of kind 'source.sort.json'. Code action will be dropped. Please check 'CodeActionContext.only' to only return requested code actions.
2025-04-15 12:08:13.668 [warning] vscode.json-language-features - Code actions of kind 'quickfix' requested but returned code action is of kind 'source.sort.json'. Code action will be dropped. Please check 'CodeActionContext.only' to only return requested code actions.
2025-04-15 12:08:13.668 [warning] vscode.json-language-features - Code actions of kind 'quickfix' requested but returned code action is of kind 'source.sort.json'. Code action will be dropped. Please check 'CodeActionContext.only' to only return requested code actions.
2025-04-15 12:08:13.669 [warning] vscode.json-language-features - Code actions of kind 'quickfix' requested but returned code action is of kind 'source.sort.json'. Code action will be dropped. Please check 'CodeActionContext.only' to only return requested code actions.
2025-04-15 12:08:13.805 [warning] vscode.json-language-features - Code actions of kind 'quickfix' requested but returned code action is of kind 'source.sort.json'. Code action will be dropped. Please check 'CodeActionContext.only' to only return requested code actions.
2025-04-15 12:08:13.805 [warning] vscode.json-language-features - Code actions of kind 'quickfix' requested but returned code action is of kind 'source.sort.json'. Code action will be dropped. Please check 'CodeActionContext.only' to only return requested code actions.
2025-04-15 12:08:13.806 [warning] vscode.json-language-features - Code actions of kind 'quickfix' requested but returned code action is of kind 'source.sort.json'. Code action will be dropped. Please check 'CodeActionContext.only' to only return requested code actions.
2025-04-15 12:08:13.806 [warning] vscode.json-language-features - Code actions of kind 'quickfix' requested but returned code action is of kind 'source.sort.json'. Code action will be dropped. Please check 'CodeActionContext.only' to only return requested code actions.
2025-04-15 12:08:13.808 [warning] vscode.json-language-features - Code actions of kind 'quickfix' requested but returned code action is of kind 'source.sort.json'. Code action will be dropped. Please check 'CodeActionContext.only' to only return requested code actions.
2025-04-15 12:08:13.809 [warning] vscode.json-language-features - Code actions of kind 'quickfix' requested but returned code action is of kind 'source.sort.json'. Code action will be dropped. Please check 'CodeActionContext.only' to only return requested code actions.
2025-04-15 12:08:13.809 [warning] vscode.json-language-features - Code actions of kind 'quickfix' requested but returned code action is of kind 'source.sort.json'. Code action will be dropped. Please check 'CodeActionContext.only' to only return requested code actions.
2025-04-15 12:08:13.810 [warning] vscode.json-language-features - Code actions of kind 'quickfix' requested but returned code action is of kind 'source.sort.json'. Code action will be dropped. Please check 'CodeActionContext.only' to only return requested code actions.
2025-04-15 12:08:13.810 [warning] vscode.json-language-features - Code actions of kind 'quickfix' requested but returned code action is of kind 'source.sort.json'. Code action will be dropped. Please check 'CodeActionContext.only' to only return requested code actions.
2025-04-15 12:08:13.810 [warning] vscode.json-language-features - Code actions of kind 'quickfix' requested but returned code action is of kind 'source.sort.json'. Code action will be dropped. Please check 'CodeActionContext.only' to only return requested code actions.
2025-04-15 12:08:13.811 [warning] vscode.json-language-features - Code actions of kind 'quickfix' requested but returned code action is of kind 'source.sort.json'. Code action will be dropped. Please check 'CodeActionContext.only' to only return requested code actions.
2025-04-15 12:08:13.811 [warning] vscode.json-language-features - Code actions of kind 'quickfix' requested but returned code action is of kind 'source.sort.json'. Code action will be dropped. Please check 'CodeActionContext.only' to only return requested code actions.
2025-04-15 12:08:13.812 [warning] vscode.json-language-features - Code actions of kind 'quickfix' requested but returned code action is of kind 'source.sort.json'. Code action will be dropped. Please check 'CodeActionContext.only' to only return requested code actions.
2025-04-15 12:08:13.812 [warning] vscode.json-language-features - Code actions of kind 'quickfix' requested but returned code action is of kind 'source.sort.json'. Code action will be dropped. Please check 'CodeActionContext.only' to only return requested code actions.
2025-04-15 12:08:13.813 [warning] vscode.json-language-features - Code actions of kind 'quickfix' requested but returned code action is of kind 'source.sort.json'. Code action will be dropped. Please check 'CodeActionContext.only' to only return requested code actions.
2025-04-15 12:08:13.813 [warning] vscode.json-language-features - Code actions of kind 'quickfix' requested but returned code action is of kind 'source.sort.json'. Code action will be dropped. Please check 'CodeActionContext.only' to only return requested code actions.
2025-04-15 12:08:13.813 [warning] vscode.json-language-features - Code actions of kind 'quickfix' requested but returned code action is of kind 'source.sort.json'. Code action will be dropped. Please check 'CodeActionContext.only' to only return requested code actions.
2025-04-15 12:08:13.814 [warning] vscode.json-language-features - Code actions of kind 'quickfix' requested but returned code action is of kind 'source.sort.json'. Code action will be dropped. Please check 'CodeActionContext.only' to only return requested code actions.
2025-04-15 12:08:13.943 [warning] vscode.json-language-features - Code actions of kind 'quickfix' requested but returned code action is of kind 'source.sort.json'. Code action will be dropped. Please check 'CodeActionContext.only' to only return requested code actions.
2025-04-15 12:08:13.943 [warning] vscode.json-language-features - Code actions of kind 'quickfix' requested but returned code action is of kind 'source.sort.json'. Code action will be dropped. Please check 'CodeActionContext.only' to only return requested code actions.
2025-04-15 12:08:13.944 [warning] vscode.json-language-features - Code actions of kind 'quickfix' requested but returned code action is of kind 'source.sort.json'. Code action will be dropped. Please check 'CodeActionContext.only' to only return requested code actions.
2025-04-15 12:08:13.944 [warning] vscode.json-language-features - Code actions of kind 'quickfix' requested but returned code action is of kind 'source.sort.json'. Code action will be dropped. Please check 'CodeActionContext.only' to only return requested code actions.
2025-04-15 12:08:13.944 [warning] vscode.json-language-features - Code actions of kind 'quickfix' requested but returned code action is of kind 'source.sort.json'. Code action will be dropped. Please check 'CodeActionContext.only' to only return requested code actions.
2025-04-15 12:08:13.945 [warning] vscode.json-language-features - Code actions of kind 'quickfix' requested but returned code action is of kind 'source.sort.json'. Code action will be dropped. Please check 'CodeActionContext.only' to only return requested code actions.
2025-04-15 12:08:13.945 [warning] vscode.json-language-features - Code actions of kind 'quickfix' requested but returned code action is of kind 'source.sort.json'. Code action will be dropped. Please check 'CodeActionContext.only' to only return requested code actions.
2025-04-15 12:08:13.946 [warning] vscode.json-language-features - Code actions of kind 'quickfix' requested but returned code action is of kind 'source.sort.json'. Code action will be dropped. Please check 'CodeActionContext.only' to only return requested code actions.
2025-04-15 12:08:13.947 [warning] vscode.json-language-features - Code actions of kind 'quickfix' requested but returned code action is of kind 'source.sort.json'. Code action will be dropped. Please check 'CodeActionContext.only' to only return requested code actions.
2025-04-15 12:08:13.947 [warning] vscode.json-language-features - Code actions of kind 'quickfix' requested but returned code action is of kind 'source.sort.json'. Code action will be dropped. Please check 'CodeActionContext.only' to only return requested code actions.
2025-04-15 12:08:13.948 [warning] vscode.json-language-features - Code actions of kind 'quickfix' requested but returned code action is of kind 'source.sort.json'. Code action will be dropped. Please check 'CodeActionContext.only' to only return requested code actions.
2025-04-15 12:08:13.948 [warning] vscode.json-language-features - Code actions of kind 'quickfix' requested but returned code action is of kind 'source.sort.json'. Code action will be dropped. Please check 'CodeActionContext.only' to only return requested code actions.
2025-04-15 12:08:13.949 [warning] vscode.json-language-features - Code actions of kind 'quickfix' requested but returned code action is of kind 'source.sort.json'. Code action will be dropped. Please check 'CodeActionContext.only' to only return requested code actions.
2025-04-15 12:08:13.949 [warning] vscode.json-language-features - Code actions of kind 'quickfix' requested but returned code action is of kind 'source.sort.json'. Code action will be dropped. Please check 'CodeActionContext.only' to only return requested code actions.
2025-04-15 12:08:13.949 [warning] vscode.json-language-features - Code actions of kind 'quickfix' requested but returned code action is of kind 'source.sort.json'. Code action will be dropped. Please check 'CodeActionContext.only' to only return requested code actions.
2025-04-15 12:08:13.950 [warning] vscode.json-language-features - Code actions of kind 'quickfix' requested but returned code action is of kind 'source.sort.json'. Code action will be dropped. Please check 'CodeActionContext.only' to only return requested code actions.
2025-04-15 12:08:13.950 [warning] vscode.json-language-features - Code actions of kind 'quickfix' requested but returned code action is of kind 'source.sort.json'. Code action will be dropped. Please check 'CodeActionContext.only' to only return requested code actions.
2025-04-15 12:08:13.950 [warning] vscode.json-language-features - Code actions of kind 'quickfix' requested but returned code action is of kind 'source.sort.json'. Code action will be dropped. Please check 'CodeActionContext.only' to only return requested code actions.
2025-04-15 12:08:14.087 [warning] vscode.json-language-features - Code actions of kind 'quickfix' requested but returned code action is of kind 'source.sort.json'. Code action will be dropped. Please check 'CodeActionContext.only' to only return requested code actions.
2025-04-15 12:08:14.087 [warning] vscode.json-language-features - Code actions of kind 'quickfix' requested but returned code action is of kind 'source.sort.json'. Code action will be dropped. Please check 'CodeActionContext.only' to only return requested code actions.
2025-04-15 12:08:14.088 [warning] vscode.json-language-features - Code actions of kind 'quickfix' requested but returned code action is of kind 'source.sort.json'. Code action will be dropped. Please check 'CodeActionContext.only' to only return requested code actions.
2025-04-15 12:08:14.088 [warning] vscode.json-language-features - Code actions of kind 'quickfix' requested but returned code action is of kind 'source.sort.json'. Code action will be dropped. Please check 'CodeActionContext.only' to only return requested code actions.
2025-04-15 12:08:14.089 [warning] vscode.json-language-features - Code actions of kind 'quickfix' requested but returned code action is of kind 'source.sort.json'. Code action will be dropped. Please check 'CodeActionContext.only' to only return requested code actions.
2025-04-15 12:08:14.089 [warning] vscode.json-language-features - Code actions of kind 'quickfix' requested but returned code action is of kind 'source.sort.json'. Code action will be dropped. Please check 'CodeActionContext.only' to only return requested code actions.
2025-04-15 12:08:14.090 [warning] vscode.json-language-features - Code actions of kind 'quickfix' requested but returned code action is of kind 'source.sort.json'. Code action will be dropped. Please check 'CodeActionContext.only' to only return requested code actions.
2025-04-15 12:08:14.090 [warning] vscode.json-language-features - Code actions of kind 'quickfix' requested but returned code action is of kind 'source.sort.json'. Code action will be dropped. Please check 'CodeActionContext.only' to only return requested code actions.
2025-04-15 12:08:14.091 [warning] vscode.json-language-features - Code actions of kind 'quickfix' requested but returned code action is of kind 'source.sort.json'. Code action will be dropped. Please check 'CodeActionContext.only' to only return requested code actions.
2025-04-15 12:08:14.091 [warning] vscode.json-language-features - Code actions of kind 'quickfix' requested but returned code action is of kind 'source.sort.json'. Code action will be dropped. Please check 'CodeActionContext.only' to only return requested code actions.
2025-04-15 12:08:14.092 [warning] vscode.json-language-features - Code actions of kind 'quickfix' requested but returned code action is of kind 'source.sort.json'. Code action will be dropped. Please check 'CodeActionContext.only' to only return requested code actions.
2025-04-15 12:08:14.092 [warning] vscode.json-language-features - Code actions of kind 'quickfix' requested but returned code action is of kind 'source.sort.json'. Code action will be dropped. Please check 'CodeActionContext.only' to only return requested code actions.
2025-04-15 12:08:14.093 [warning] vscode.json-language-features - Code actions of kind 'quickfix' requested but returned code action is of kind 'source.sort.json'. Code action will be dropped. Please check 'CodeActionContext.only' to only return requested code actions.
2025-04-15 12:08:14.093 [warning] vscode.json-language-features - Code actions of kind 'quickfix' requested but returned code action is of kind 'source.sort.json'. Code action will be dropped. Please check 'CodeActionContext.only' to only return requested code actions.
2025-04-15 12:08:14.093 [warning] vscode.json-language-features - Code actions of kind 'quickfix' requested but returned code action is of kind 'source.sort.json'. Code action will be dropped. Please check 'CodeActionContext.only' to only return requested code actions.
2025-04-15 12:08:14.094 [warning] vscode.json-language-features - Code actions of kind 'quickfix' requested but returned code action is of kind 'source.sort.json'. Code action will be dropped. Please check 'CodeActionContext.only' to only return requested code actions.
2025-04-15 12:08:14.094 [warning] vscode.json-language-features - Code actions of kind 'quickfix' requested but returned code action is of kind 'source.sort.json'. Code action will be dropped. Please check 'CodeActionContext.only' to only return requested code actions.
2025-04-15 12:08:14.094 [warning] vscode.json-language-features - Code actions of kind 'quickfix' requested but returned code action is of kind 'source.sort.json'. Code action will be dropped. Please check 'CodeActionContext.only' to only return requested code actions.
2025-04-15 12:08:15.045 [warning] vscode.json-language-features - Code actions of kind 'quickfix' requested but returned code action is of kind 'source.sort.json'. Code action will be dropped. Please check 'CodeActionContext.only' to only return requested code actions.
2025-04-15 12:08:15.046 [warning] vscode.json-language-features - Code actions of kind 'quickfix' requested but returned code action is of kind 'source.sort.json'. Code action will be dropped. Please check 'CodeActionContext.only' to only return requested code actions.
2025-04-15 12:08:15.047 [warning] vscode.json-language-features - Code actions of kind 'quickfix' requested but returned code action is of kind 'source.sort.json'. Code action will be dropped. Please check 'CodeActionContext.only' to only return requested code actions.
2025-04-15 12:08:15.048 [warning] vscode.json-language-features - Code actions of kind 'quickfix' requested but returned code action is of kind 'source.sort.json'. Code action will be dropped. Please check 'CodeActionContext.only' to only return requested code actions.
2025-04-15 12:08:15.048 [warning] vscode.json-language-features - Code actions of kind 'quickfix' requested but returned code action is of kind 'source.sort.json'. Code action will be dropped. Please check 'CodeActionContext.only' to only return requested code actions.
2025-04-15 12:08:15.049 [warning] vscode.json-language-features - Code actions of kind 'quickfix' requested but returned code action is of kind 'source.sort.json'. Code action will be dropped. Please check 'CodeActionContext.only' to only return requested code actions.
2025-04-15 12:08:15.049 [warning] vscode.json-language-features - Code actions of kind 'quickfix' requested but returned code action is of kind 'source.sort.json'. Code action will be dropped. Please check 'CodeActionContext.only' to only return requested code actions.
2025-04-15 12:08:15.050 [warning] vscode.json-language-features - Code actions of kind 'quickfix' requested but returned code action is of kind 'source.sort.json'. Code action will be dropped. Please check 'CodeActionContext.only' to only return requested code actions.
2025-04-15 12:08:15.051 [warning] vscode.json-language-features - Code actions of kind 'quickfix' requested but returned code action is of kind 'source.sort.json'. Code action will be dropped. Please check 'CodeActionContext.only' to only return requested code actions.
2025-04-15 12:08:15.051 [warning] vscode.json-language-features - Code actions of kind 'quickfix' requested but returned code action is of kind 'source.sort.json'. Code action will be dropped. Please check 'CodeActionContext.only' to only return requested code actions.
2025-04-15 12:08:16.348 [warning] vscode.json-language-features - Code actions of kind 'quickfix' requested but returned code action is of kind 'source.sort.json'. Code action will be dropped. Please check 'CodeActionContext.only' to only return requested code actions.
2025-04-15 12:08:16.349 [warning] vscode.json-language-features - Code actions of kind 'quickfix' requested but returned code action is of kind 'source.sort.json'. Code action will be dropped. Please check 'CodeActionContext.only' to only return requested code actions.
2025-04-15 12:08:16.350 [warning] vscode.json-language-features - Code actions of kind 'quickfix' requested but returned code action is of kind 'source.sort.json'. Code action will be dropped. Please check 'CodeActionContext.only' to only return requested code actions.
2025-04-15 12:08:16.351 [warning] vscode.json-language-features - Code actions of kind 'quickfix' requested but returned code action is of kind 'source.sort.json'. Code action will be dropped. Please check 'CodeActionContext.only' to only return requested code actions.
2025-04-15 12:08:16.351 [warning] vscode.json-language-features - Code actions of kind 'quickfix' requested but returned code action is of kind 'source.sort.json'. Code action will be dropped. Please check 'CodeActionContext.only' to only return requested code actions.
2025-04-15 12:08:16.352 [warning] vscode.json-language-features - Code actions of kind 'quickfix' requested but returned code action is of kind 'source.sort.json'. Code action will be dropped. Please check 'CodeActionContext.only' to only return requested code actions.
2025-04-15 12:08:16.353 [warning] vscode.json-language-features - Code actions of kind 'quickfix' requested but returned code action is of kind 'source.sort.json'. Code action will be dropped. Please check 'CodeActionContext.only' to only return requested code actions.
2025-04-15 12:08:16.355 [warning] vscode.json-language-features - Code actions of kind 'quickfix' requested but returned code action is of kind 'source.sort.json'. Code action will be dropped. Please check 'CodeActionContext.only' to only return requested code actions.
2025-04-15 12:08:16.356 [warning] vscode.json-language-features - Code actions of kind 'quickfix' requested but returned code action is of kind 'source.sort.json'. Code action will be dropped. Please check 'CodeActionContext.only' to only return requested code actions.
2025-04-15 12:09:16.213 [warning] vscode.json-language-features - Code actions of kind 'quickfix' requested but returned code action is of kind 'source.sort.json'. Code action will be dropped. Please check 'CodeActionContext.only' to only return requested code actions.
2025-04-15 12:09:16.214 [warning] vscode.json-language-features - Code actions of kind 'quickfix' requested but returned code action is of kind 'source.sort.json'. Code action will be dropped. Please check 'CodeActionContext.only' to only return requested code actions.
2025-04-15 12:09:16.215 [warning] vscode.json-language-features - Code actions of kind 'quickfix' requested but returned code action is of kind 'source.sort.json'. Code action will be dropped. Please check 'CodeActionContext.only' to only return requested code actions.
2025-04-15 12:09:16.215 [warning] vscode.json-language-features - Code actions of kind 'quickfix' requested but returned code action is of kind 'source.sort.json'. Code action will be dropped. Please check 'CodeActionContext.only' to only return requested code actions.
2025-04-15 12:09:16.216 [warning] vscode.json-language-features - Code actions of kind 'quickfix' requested but returned code action is of kind 'source.sort.json'. Code action will be dropped. Please check 'CodeActionContext.only' to only return requested code actions.
2025-04-15 12:09:16.219 [warning] vscode.json-language-features - Code actions of kind 'quickfix' requested but returned code action is of kind 'source.sort.json'. Code action will be dropped. Please check 'CodeActionContext.only' to only return requested code actions.
2025-04-15 12:09:16.220 [warning] vscode.json-language-features - Code actions of kind 'quickfix' requested but returned code action is of kind 'source.sort.json'. Code action will be dropped. Please check 'CodeActionContext.only' to only return requested code actions.
2025-04-15 12:09:16.221 [warning] vscode.json-language-features - Code actions of kind 'quickfix' requested but returned code action is of kind 'source.sort.json'. Code action will be dropped. Please check 'CodeActionContext.only' to only return requested code actions.
2025-04-15 12:09:16.222 [warning] vscode.json-language-features - Code actions of kind 'quickfix' requested but returned code action is of kind 'source.sort.json'. Code action will be dropped. Please check 'CodeActionContext.only' to only return requested code actions.
2025-04-15 12:09:16.223 [warning] vscode.json-language-features - Code actions of kind 'quickfix' requested but returned code action is of kind 'source.sort.json'. Code action will be dropped. Please check 'CodeActionContext.only' to only return requested code actions.
2025-04-15 12:09:17.208 [warning] vscode.json-language-features - Code actions of kind 'quickfix' requested but returned code action is of kind 'source.sort.json'. Code action will be dropped. Please check 'CodeActionContext.only' to only return requested code actions.
2025-04-15 12:09:17.233 [warning] vscode.json-language-features - Code actions of kind 'quickfix' requested but returned code action is of kind 'source.sort.json'. Code action will be dropped. Please check 'CodeActionContext.only' to only return requested code actions.
2025-04-15 12:09:17.237 [warning] vscode.json-language-features - Code actions of kind 'quickfix' requested but returned code action is of kind 'source.sort.json'. Code action will be dropped. Please check 'CodeActionContext.only' to only return requested code actions.
2025-04-15 12:09:17.238 [warning] vscode.json-language-features - Code actions of kind 'quickfix' requested but returned code action is of kind 'source.sort.json'. Code action will be dropped. Please check 'CodeActionContext.only' to only return requested code actions.
2025-04-15 12:09:17.239 [warning] vscode.json-language-features - Code actions of kind 'quickfix' requested but returned code action is of kind 'source.sort.json'. Code action will be dropped. Please check 'CodeActionContext.only' to only return requested code actions.
2025-04-15 12:09:17.239 [warning] vscode.json-language-features - Code actions of kind 'quickfix' requested but returned code action is of kind 'source.sort.json'. Code action will be dropped. Please check 'CodeActionContext.only' to only return requested code actions.
2025-04-15 12:09:17.240 [warning] vscode.json-language-features - Code actions of kind 'quickfix' requested but returned code action is of kind 'source.sort.json'. Code action will be dropped. Please check 'CodeActionContext.only' to only return requested code actions.
2025-04-15 12:09:17.241 [warning] vscode.json-language-features - Code actions of kind 'quickfix' requested but returned code action is of kind 'source.sort.json'. Code action will be dropped. Please check 'CodeActionContext.only' to only return requested code actions.
2025-04-15 12:09:17.241 [warning] vscode.json-language-features - Code actions of kind 'quickfix' requested but returned code action is of kind 'source.sort.json'. Code action will be dropped. Please check 'CodeActionContext.only' to only return requested code actions.
2025-04-15 12:09:17.242 [warning] vscode.json-language-features - Code actions of kind 'quickfix' requested but returned code action is of kind 'source.sort.json'. Code action will be dropped. Please check 'CodeActionContext.only' to only return requested code actions.
2025-04-15 12:09:18.044 [warning] vscode.json-language-features - Code actions of kind 'quickfix' requested but returned code action is of kind 'source.sort.json'. Code action will be dropped. Please check 'CodeActionContext.only' to only return requested code actions.
2025-04-15 12:09:20.613 [warning] vscode.json-language-features - Code actions of kind 'quickfix' requested but returned code action is of kind 'source.sort.json'. Code action will be dropped. Please check 'CodeActionContext.only' to only return requested code actions.
2025-04-15 12:09:21.931 [warning] vscode.json-language-features - Code actions of kind 'quickfix' requested but returned code action is of kind 'source.sort.json'. Code action will be dropped. Please check 'CodeActionContext.only' to only return requested code actions.
2025-04-15 12:09:21.932 [warning] vscode.json-language-features - Code actions of kind 'quickfix' requested but returned code action is of kind 'source.sort.json'. Code action will be dropped. Please check 'CodeActionContext.only' to only return requested code actions.
2025-04-15 12:09:21.933 [warning] vscode.json-language-features - Code actions of kind 'quickfix' requested but returned code action is of kind 'source.sort.json'. Code action will be dropped. Please check 'CodeActionContext.only' to only return requested code actions.
2025-04-15 12:09:21.934 [warning] vscode.json-language-features - Code actions of kind 'quickfix' requested but returned code action is of kind 'source.sort.json'. Code action will be dropped. Please check 'CodeActionContext.only' to only return requested code actions.
2025-04-15 12:09:21.935 [warning] vscode.json-language-features - Code actions of kind 'quickfix' requested but returned code action is of kind 'source.sort.json'. Code action will be dropped. Please check 'CodeActionContext.only' to only return requested code actions.
2025-04-15 12:09:21.936 [warning] vscode.json-language-features - Code actions of kind 'quickfix' requested but returned code action is of kind 'source.sort.json'. Code action will be dropped. Please check 'CodeActionContext.only' to only return requested code actions.
2025-04-15 12:09:21.939 [warning] vscode.json-language-features - Code actions of kind 'quickfix' requested but returned code action is of kind 'source.sort.json'. Code action will be dropped. Please check 'CodeActionContext.only' to only return requested code actions.
2025-04-15 12:09:21.939 [warning] vscode.json-language-features - Code actions of kind 'quickfix' requested but returned code action is of kind 'source.sort.json'. Code action will be dropped. Please check 'CodeActionContext.only' to only return requested code actions.
2025-04-15 12:09:21.940 [warning] vscode.json-language-features - Code actions of kind 'quickfix' requested but returned code action is of kind 'source.sort.json'. Code action will be dropped. Please check 'CodeActionContext.only' to only return requested code actions.
2025-04-15 12:09:23.255 [warning] vscode.json-language-features - Code actions of kind 'quickfix' requested but returned code action is of kind 'source.sort.json'. Code action will be dropped. Please check 'CodeActionContext.only' to only return requested code actions.
2025-04-15 12:09:23.256 [warning] vscode.json-language-features - Code actions of kind 'quickfix' requested but returned code action is of kind 'source.sort.json'. Code action will be dropped. Please check 'CodeActionContext.only' to only return requested code actions.
2025-04-15 12:09:23.257 [warning] vscode.json-language-features - Code actions of kind 'quickfix' requested but returned code action is of kind 'source.sort.json'. Code action will be dropped. Please check 'CodeActionContext.only' to only return requested code actions.
2025-04-15 12:09:23.260 [warning] vscode.json-language-features - Code actions of kind 'quickfix' requested but returned code action is of kind 'source.sort.json'. Code action will be dropped. Please check 'CodeActionContext.only' to only return requested code actions.
2025-04-15 12:09:23.262 [warning] vscode.json-language-features - Code actions of kind 'quickfix' requested but returned code action is of kind 'source.sort.json'. Code action will be dropped. Please check 'CodeActionContext.only' to only return requested code actions.
2025-04-15 12:09:23.262 [warning] vscode.json-language-features - Code actions of kind 'quickfix' requested but returned code action is of kind 'source.sort.json'. Code action will be dropped. Please check 'CodeActionContext.only' to only return requested code actions.
2025-04-15 12:09:23.263 [warning] vscode.json-language-features - Code actions of kind 'quickfix' requested but returned code action is of kind 'source.sort.json'. Code action will be dropped. Please check 'CodeActionContext.only' to only return requested code actions.
2025-04-15 12:09:23.264 [warning] vscode.json-language-features - Code actions of kind 'quickfix' requested but returned code action is of kind 'source.sort.json'. Code action will be dropped. Please check 'CodeActionContext.only' to only return requested code actions.
2025-04-15 12:09:23.274 [warning] vscode.json-language-features - Code actions of kind 'quickfix' requested but returned code action is of kind 'source.sort.json'. Code action will be dropped. Please check 'CodeActionContext.only' to only return requested code actions.
2025-04-15 12:09:29.819 [warning] vscode.json-language-features - Code actions of kind 'quickfix' requested but returned code action is of kind 'source.sort.json'. Code action will be dropped. Please check 'CodeActionContext.only' to only return requested code actions.
2025-04-15 12:09:29.820 [warning] vscode.json-language-features - Code actions of kind 'quickfix' requested but returned code action is of kind 'source.sort.json'. Code action will be dropped. Please check 'CodeActionContext.only' to only return requested code actions.
2025-04-15 12:09:29.821 [warning] vscode.json-language-features - Code actions of kind 'quickfix' requested but returned code action is of kind 'source.sort.json'. Code action will be dropped. Please check 'CodeActionContext.only' to only return requested code actions.
2025-04-15 12:09:29.822 [warning] vscode.json-language-features - Code actions of kind 'quickfix' requested but returned code action is of kind 'source.sort.json'. Code action will be dropped. Please check 'CodeActionContext.only' to only return requested code actions.
2025-04-15 12:09:29.822 [warning] vscode.json-language-features - Code actions of kind 'quickfix' requested but returned code action is of kind 'source.sort.json'. Code action will be dropped. Please check 'CodeActionContext.only' to only return requested code actions.
2025-04-15 12:09:29.823 [warning] vscode.json-language-features - Code actions of kind 'quickfix' requested but returned code action is of kind 'source.sort.json'. Code action will be dropped. Please check 'CodeActionContext.only' to only return requested code actions.
2025-04-15 12:09:29.826 [warning] vscode.json-language-features - Code actions of kind 'quickfix' requested but returned code action is of kind 'source.sort.json'. Code action will be dropped. Please check 'CodeActionContext.only' to only return requested code actions.
2025-04-15 12:09:29.827 [warning] vscode.json-language-features - Code actions of kind 'quickfix' requested but returned code action is of kind 'source.sort.json'. Code action will be dropped. Please check 'CodeActionContext.only' to only return requested code actions.
2025-04-15 12:09:29.827 [warning] vscode.json-language-features - Code actions of kind 'quickfix' requested but returned code action is of kind 'source.sort.json'. Code action will be dropped. Please check 'CodeActionContext.only' to only return requested code actions.
2025-04-15 12:09:30.344 [warning] vscode.json-language-features - Code actions of kind 'quickfix' requested but returned code action is of kind 'source.sort.json'. Code action will be dropped. Please check 'CodeActionContext.only' to only return requested code actions.
2025-04-15 12:09:30.344 [warning] vscode.json-language-features - Code actions of kind 'quickfix' requested but returned code action is of kind 'source.sort.json'. Code action will be dropped. Please check 'CodeActionContext.only' to only return requested code actions.
2025-04-15 12:09:30.345 [warning] vscode.json-language-features - Code actions of kind 'quickfix' requested but returned code action is of kind 'source.sort.json'. Code action will be dropped. Please check 'CodeActionContext.only' to only return requested code actions.
2025-04-15 12:09:30.345 [warning] vscode.json-language-features - Code actions of kind 'quickfix' requested but returned code action is of kind 'source.sort.json'. Code action will be dropped. Please check 'CodeActionContext.only' to only return requested code actions.
2025-04-15 12:09:30.346 [warning] vscode.json-language-features - Code actions of kind 'quickfix' requested but returned code action is of kind 'source.sort.json'. Code action will be dropped. Please check 'CodeActionContext.only' to only return requested code actions.
2025-04-15 12:09:30.347 [warning] vscode.json-language-features - Code actions of kind 'quickfix' requested but returned code action is of kind 'source.sort.json'. Code action will be dropped. Please check 'CodeActionContext.only' to only return requested code actions.
2025-04-15 12:09:30.347 [warning] vscode.json-language-features - Code actions of kind 'quickfix' requested but returned code action is of kind 'source.sort.json'. Code action will be dropped. Please check 'CodeActionContext.only' to only return requested code actions.
2025-04-15 12:09:30.347 [warning] vscode.json-language-features - Code actions of kind 'quickfix' requested but returned code action is of kind 'source.sort.json'. Code action will be dropped. Please check 'CodeActionContext.only' to only return requested code actions.
2025-04-15 12:09:30.348 [warning] vscode.json-language-features - Code actions of kind 'quickfix' requested but returned code action is of kind 'source.sort.json'. Code action will be dropped. Please check 'CodeActionContext.only' to only return requested code actions.
2025-04-15 12:09:31.322 [warning] vscode.json-language-features - Code actions of kind 'quickfix' requested but returned code action is of kind 'source.sort.json'. Code action will be dropped. Please check 'CodeActionContext.only' to only return requested code actions.
2025-04-15 12:09:31.323 [warning] vscode.json-language-features - Code actions of kind 'quickfix' requested but returned code action is of kind 'source.sort.json'. Code action will be dropped. Please check 'CodeActionContext.only' to only return requested code actions.
2025-04-15 12:09:31.324 [warning] vscode.json-language-features - Code actions of kind 'quickfix' requested but returned code action is of kind 'source.sort.json'. Code action will be dropped. Please check 'CodeActionContext.only' to only return requested code actions.
2025-04-15 12:09:31.331 [warning] vscode.json-language-features - Code actions of kind 'quickfix' requested but returned code action is of kind 'source.sort.json'. Code action will be dropped. Please check 'CodeActionContext.only' to only return requested code actions.
2025-04-15 12:09:31.331 [warning] vscode.json-language-features - Code actions of kind 'quickfix' requested but returned code action is of kind 'source.sort.json'. Code action will be dropped. Please check 'CodeActionContext.only' to only return requested code actions.
2025-04-15 12:09:31.332 [warning] vscode.json-language-features - Code actions of kind 'quickfix' requested but returned code action is of kind 'source.sort.json'. Code action will be dropped. Please check 'CodeActionContext.only' to only return requested code actions.
2025-04-15 12:09:31.333 [warning] vscode.json-language-features - Code actions of kind 'quickfix' requested but returned code action is of kind 'source.sort.json'. Code action will be dropped. Please check 'CodeActionContext.only' to only return requested code actions.
2025-04-15 12:09:31.333 [warning] vscode.json-language-features - Code actions of kind 'quickfix' requested but returned code action is of kind 'source.sort.json'. Code action will be dropped. Please check 'CodeActionContext.only' to only return requested code actions.
2025-04-15 12:09:31.334 [warning] vscode.json-language-features - Code actions of kind 'quickfix' requested but returned code action is of kind 'source.sort.json'. Code action will be dropped. Please check 'CodeActionContext.only' to only return requested code actions.
2025-04-15 12:09:32.132 [warning] vscode.json-language-features - Code actions of kind 'quickfix' requested but returned code action is of kind 'source.sort.json'. Code action will be dropped. Please check 'CodeActionContext.only' to only return requested code actions.
2025-04-15 12:09:32.133 [warning] vscode.json-language-features - Code actions of kind 'quickfix' requested but returned code action is of kind 'source.sort.json'. Code action will be dropped. Please check 'CodeActionContext.only' to only return requested code actions.
2025-04-15 12:09:32.135 [warning] vscode.json-language-features - Code actions of kind 'quickfix' requested but returned code action is of kind 'source.sort.json'. Code action will be dropped. Please check 'CodeActionContext.only' to only return requested code actions.
2025-04-15 12:09:32.136 [warning] vscode.json-language-features - Code actions of kind 'quickfix' requested but returned code action is of kind 'source.sort.json'. Code action will be dropped. Please check 'CodeActionContext.only' to only return requested code actions.
2025-04-15 12:09:32.137 [warning] vscode.json-language-features - Code actions of kind 'quickfix' requested but returned code action is of kind 'source.sort.json'. Code action will be dropped. Please check 'CodeActionContext.only' to only return requested code actions.
2025-04-15 12:09:32.138 [warning] vscode.json-language-features - Code actions of kind 'quickfix' requested but returned code action is of kind 'source.sort.json'. Code action will be dropped. Please check 'CodeActionContext.only' to only return requested code actions.
2025-04-15 12:09:32.139 [warning] vscode.json-language-features - Code actions of kind 'quickfix' requested but returned code action is of kind 'source.sort.json'. Code action will be dropped. Please check 'CodeActionContext.only' to only return requested code actions.
2025-04-15 12:09:32.139 [warning] vscode.json-language-features - Code actions of kind 'quickfix' requested but returned code action is of kind 'source.sort.json'. Code action will be dropped. Please check 'CodeActionContext.only' to only return requested code actions.
2025-04-15 12:09:32.140 [warning] vscode.json-language-features - Code actions of kind 'quickfix' requested but returned code action is of kind 'source.sort.json'. Code action will be dropped. Please check 'CodeActionContext.only' to only return requested code actions.
2025-04-15 12:09:36.016 [info] Extension host terminating: renderer closed the MessagePort
2025-04-15 12:09:36.051 [error] An error occurred when disposing the subscriptions for extension 'eamodio.gitlens':
2025-04-15 12:09:36.060 [error] TypeError: Cannot read properties of undefined (reading 'dispose')
    at Object.dispose (file:///usr/share/windsurf/resources/app/out/vs/workbench/api/node/extensionHostProcess.js:136:121769)
    at x_.<anonymous> (file:///usr/share/windsurf/resources/app/out/vs/workbench/api/node/extensionHostProcess.js:106:20087)
    at x_.dispose (file:///usr/share/windsurf/resources/app/out/vs/workbench/api/node/extensionHostProcess.js:106:20183)
    at Object.dispose (/home/pracker/.windsurf/extensions/eamodio.gitlens-17.0.2-universal/dist/gitlens.js:30:24001)
    at /home/pracker/.windsurf/extensions/eamodio.gitlens-17.0.2-universal/dist/gitlens.js:301:15285
    at Array.forEach (<anonymous>)
    at Object.dispose (/home/pracker/.windsurf/extensions/eamodio.gitlens-17.0.2-universal/dist/gitlens.js:301:15267)
    at Cs (file:///usr/share/windsurf/resources/app/out/vs/workbench/api/node/extensionHostProcess.js:25:701)
    at file:///usr/share/windsurf/resources/app/out/vs/workbench/api/node/extensionHostProcess.js:117:15142
    at file:///usr/share/windsurf/resources/app/out/vs/workbench/api/node/extensionHostProcess.js:25:1011
    at Object.dispose (file:///usr/share/windsurf/resources/app/out/vs/workbench/api/node/extensionHostProcess.js:8:705)
    at dK.eb (file:///usr/share/windsurf/resources/app/out/vs/workbench/api/node/extensionHostProcess.js:117:12069)
    at file:///usr/share/windsurf/resources/app/out/vs/workbench/api/node/extensionHostProcess.js:117:10024
    at Array.map (<anonymous>)
    at dK.$ (file:///usr/share/windsurf/resources/app/out/vs/workbench/api/node/extensionHostProcess.js:117:10012)
    at dK.terminate (file:///usr/share/windsurf/resources/app/out/vs/workbench/api/node/extensionHostProcess.js:117:10255)
    at C7.terminate (file:///usr/share/windsurf/resources/app/out/vs/workbench/api/node/extensionHostProcess.js:118:1434)
    at vn (file:///usr/share/windsurf/resources/app/out/vs/workbench/api/node/extensionHostProcess.js:191:15116)
    at MessagePortMain.<anonymous> (file:///usr/share/windsurf/resources/app/out/vs/workbench/api/node/extensionHostProcess.js:191:11656)
    at MessagePortMain.emit (node:events:518:28)
    at MessagePortMain.emit (node:domain:489:12)
    at Object.MessagePortMain._internalPort.emit (node:electron/js2c/utility_init:2:2949)
2025-04-15 12:09:36.062 [error] An error occurred when disposing the subscriptions for extension 'Gruntfuggly.todo-tree':
2025-04-15 12:09:36.063 [error] AggregateError: Encountered errors while disposing of store
    at Cs (file:///usr/share/windsurf/resources/app/out/vs/workbench/api/node/extensionHostProcess.js:25:777)
    at file:///usr/share/windsurf/resources/app/out/vs/workbench/api/node/extensionHostProcess.js:117:15142
    at file:///usr/share/windsurf/resources/app/out/vs/workbench/api/node/extensionHostProcess.js:25:1011
    at Object.dispose (file:///usr/share/windsurf/resources/app/out/vs/workbench/api/node/extensionHostProcess.js:8:705)
    at dK.eb (file:///usr/share/windsurf/resources/app/out/vs/workbench/api/node/extensionHostProcess.js:117:12069)
    at file:///usr/share/windsurf/resources/app/out/vs/workbench/api/node/extensionHostProcess.js:117:10024
    at Array.map (<anonymous>)
    at dK.$ (file:///usr/share/windsurf/resources/app/out/vs/workbench/api/node/extensionHostProcess.js:117:10012)
    at dK.terminate (file:///usr/share/windsurf/resources/app/out/vs/workbench/api/node/extensionHostProcess.js:117:10255)
    at C7.terminate (file:///usr/share/windsurf/resources/app/out/vs/workbench/api/node/extensionHostProcess.js:118:1434)
    at vn (file:///usr/share/windsurf/resources/app/out/vs/workbench/api/node/extensionHostProcess.js:191:15116)
    at MessagePortMain.<anonymous> (file:///usr/share/windsurf/resources/app/out/vs/workbench/api/node/extensionHostProcess.js:191:11656)
    at MessagePortMain.emit (node:events:518:28)
    at MessagePortMain.emit (node:domain:489:12)
    at Object.MessagePortMain._internalPort.emit (node:electron/js2c/utility_init:2:2949)
2025-04-15 12:09:36.072 [error] Canceled: Canceled
    at new TF (file:///usr/share/windsurf/resources/app/out/vs/workbench/api/node/extensionHostProcess.js:29:111806)
    at Jy.U (file:///usr/share/windsurf/resources/app/out/vs/workbench/api/node/extensionHostProcess.js:29:116417)
    at Proxy.n.<computed>.r.charCodeAt.n.<computed> (file:///usr/share/windsurf/resources/app/out/vs/workbench/api/node/extensionHostProcess.js:29:113911)
    at GS.g (file:///usr/share/windsurf/resources/app/out/vs/workbench/api/node/extensionHostProcess.js:112:32228)
    at GS.executeCommand (file:///usr/share/windsurf/resources/app/out/vs/workbench/api/node/extensionHostProcess.js:112:31732)
    at i.registerCommand.description (file:///usr/share/windsurf/resources/app/out/vs/workbench/api/node/extensionHostProcess.js:112:31062)
    at GS.h (file:///usr/share/windsurf/resources/app/out/vs/workbench/api/node/extensionHostProcess.js:112:32748)
    at GS.g (file:///usr/share/windsurf/resources/app/out/vs/workbench/api/node/extensionHostProcess.js:112:31825)
    at GS.executeCommand (file:///usr/share/windsurf/resources/app/out/vs/workbench/api/node/extensionHostProcess.js:112:31732)
    at Object.executeCommand (file:///usr/share/windsurf/resources/app/out/vs/workbench/api/node/extensionHostProcess.js:173:46382)
    at w (/home/pracker/.windsurf/extensions/eamodio.gitlens-17.0.2-universal/dist/gitlens.js:365:3186)
    at c (/home/pracker/.windsurf/extensions/eamodio.gitlens-17.0.2-universal/dist/gitlens.js:1:64500)
    at ActionRunners._updateContextKeys (/home/pracker/.windsurf/extensions/eamodio.gitlens-17.0.2-universal/dist/gitlens.js:1495:30978)
    at s (/home/pracker/.windsurf/extensions/eamodio.gitlens-17.0.2-universal/dist/gitlens.js:1495:29422)
    at RegisteredActionRunner.unregister (/home/pracker/.windsurf/extensions/eamodio.gitlens-17.0.2-universal/dist/gitlens.js:1495:29565)
    at RegisteredActionRunner.dispose (/home/pracker/.windsurf/extensions/eamodio.gitlens-17.0.2-universal/dist/gitlens.js:1495:28225)
    at Object.dispose (/home/pracker/.windsurf/extensions/eamodio.gitlens-17.0.2-universal/dist/gitlens.js:1495:29659)
    at Cs (file:///usr/share/windsurf/resources/app/out/vs/workbench/api/node/extensionHostProcess.js:25:701)
    at file:///usr/share/windsurf/resources/app/out/vs/workbench/api/node/extensionHostProcess.js:117:15142
    at file:///usr/share/windsurf/resources/app/out/vs/workbench/api/node/extensionHostProcess.js:25:1011
    at Object.dispose (file:///usr/share/windsurf/resources/app/out/vs/workbench/api/node/extensionHostProcess.js:8:705)
    at dK.eb (file:///usr/share/windsurf/resources/app/out/vs/workbench/api/node/extensionHostProcess.js:117:12069)
    at file:///usr/share/windsurf/resources/app/out/vs/workbench/api/node/extensionHostProcess.js:117:10024
    at Array.map (<anonymous>)
    at dK.$ (file:///usr/share/windsurf/resources/app/out/vs/workbench/api/node/extensionHostProcess.js:117:10012)
    at dK.terminate (file:///usr/share/windsurf/resources/app/out/vs/workbench/api/node/extensionHostProcess.js:117:10255)
    at C7.terminate (file:///usr/share/windsurf/resources/app/out/vs/workbench/api/node/extensionHostProcess.js:118:1434)
    at vn (file:///usr/share/windsurf/resources/app/out/vs/workbench/api/node/extensionHostProcess.js:191:15116)
    at MessagePortMain.<anonymous> (file:///usr/share/windsurf/resources/app/out/vs/workbench/api/node/extensionHostProcess.js:191:11656)
    at MessagePortMain.emit (node:events:518:28)
    at MessagePortMain.emit (node:domain:489:12)
    at Object.MessagePortMain._internalPort.emit (node:electron/js2c/utility_init:2:2949) setContext undefined
2025-04-15 12:09:36.073 [error] Canceled: Canceled
    at new TF (file:///usr/share/windsurf/resources/app/out/vs/workbench/api/node/extensionHostProcess.js:29:111806)
    at Jy.U (file:///usr/share/windsurf/resources/app/out/vs/workbench/api/node/extensionHostProcess.js:29:116417)
    at Proxy.n.<computed>.r.charCodeAt.n.<computed> (file:///usr/share/windsurf/resources/app/out/vs/workbench/api/node/extensionHostProcess.js:29:113911)
    at GS.g (file:///usr/share/windsurf/resources/app/out/vs/workbench/api/node/extensionHostProcess.js:112:32228)
    at GS.executeCommand (file:///usr/share/windsurf/resources/app/out/vs/workbench/api/node/extensionHostProcess.js:112:31732)
    at i.registerCommand.description (file:///usr/share/windsurf/resources/app/out/vs/workbench/api/node/extensionHostProcess.js:112:31062)
    at GS.h (file:///usr/share/windsurf/resources/app/out/vs/workbench/api/node/extensionHostProcess.js:112:32748)
    at GS.g (file:///usr/share/windsurf/resources/app/out/vs/workbench/api/node/extensionHostProcess.js:112:31825)
    at GS.executeCommand (file:///usr/share/windsurf/resources/app/out/vs/workbench/api/node/extensionHostProcess.js:112:31732)
    at Object.executeCommand (file:///usr/share/windsurf/resources/app/out/vs/workbench/api/node/extensionHostProcess.js:173:46382)
    at w (/home/pracker/.windsurf/extensions/eamodio.gitlens-17.0.2-universal/dist/gitlens.js:365:3186)
    at c (/home/pracker/.windsurf/extensions/eamodio.gitlens-17.0.2-universal/dist/gitlens.js:1:64500)
    at ActionRunners._updateContextKeys (/home/pracker/.windsurf/extensions/eamodio.gitlens-17.0.2-universal/dist/gitlens.js:1495:30978)
    at s (/home/pracker/.windsurf/extensions/eamodio.gitlens-17.0.2-universal/dist/gitlens.js:1495:29422)
    at RegisteredActionRunner.unregister (/home/pracker/.windsurf/extensions/eamodio.gitlens-17.0.2-universal/dist/gitlens.js:1495:29565)
    at RegisteredActionRunner.dispose (/home/pracker/.windsurf/extensions/eamodio.gitlens-17.0.2-universal/dist/gitlens.js:1495:28225)
    at Object.dispose (/home/pracker/.windsurf/extensions/eamodio.gitlens-17.0.2-universal/dist/gitlens.js:1495:29659)
    at Cs (file:///usr/share/windsurf/resources/app/out/vs/workbench/api/node/extensionHostProcess.js:25:701)
    at file:///usr/share/windsurf/resources/app/out/vs/workbench/api/node/extensionHostProcess.js:117:15142
    at file:///usr/share/windsurf/resources/app/out/vs/workbench/api/node/extensionHostProcess.js:25:1011
    at Object.dispose (file:///usr/share/windsurf/resources/app/out/vs/workbench/api/node/extensionHostProcess.js:8:705)
    at dK.eb (file:///usr/share/windsurf/resources/app/out/vs/workbench/api/node/extensionHostProcess.js:117:12069)
    at file:///usr/share/windsurf/resources/app/out/vs/workbench/api/node/extensionHostProcess.js:117:10024
    at Array.map (<anonymous>)
    at dK.$ (file:///usr/share/windsurf/resources/app/out/vs/workbench/api/node/extensionHostProcess.js:117:10012)
    at dK.terminate (file:///usr/share/windsurf/resources/app/out/vs/workbench/api/node/extensionHostProcess.js:117:10255)
    at C7.terminate (file:///usr/share/windsurf/resources/app/out/vs/workbench/api/node/extensionHostProcess.js:118:1434)
    at vn (file:///usr/share/windsurf/resources/app/out/vs/workbench/api/node/extensionHostProcess.js:191:15116)
    at MessagePortMain.<anonymous> (file:///usr/share/windsurf/resources/app/out/vs/workbench/api/node/extensionHostProcess.js:191:11656)
    at MessagePortMain.emit (node:events:518:28)
    at MessagePortMain.emit (node:domain:489:12)
    at Object.MessagePortMain._internalPort.emit (node:electron/js2c/utility_init:2:2949) setContext undefined
2025-04-15 12:09:36.074 [error] Canceled: Canceled
    at new TF (file:///usr/share/windsurf/resources/app/out/vs/workbench/api/node/extensionHostProcess.js:29:111806)
    at Jy.U (file:///usr/share/windsurf/resources/app/out/vs/workbench/api/node/extensionHostProcess.js:29:116417)
    at Proxy.n.<computed>.r.charCodeAt.n.<computed> (file:///usr/share/windsurf/resources/app/out/vs/workbench/api/node/extensionHostProcess.js:29:113911)
    at GS.g (file:///usr/share/windsurf/resources/app/out/vs/workbench/api/node/extensionHostProcess.js:112:32228)
    at GS.executeCommand (file:///usr/share/windsurf/resources/app/out/vs/workbench/api/node/extensionHostProcess.js:112:31732)
    at i.registerCommand.description (file:///usr/share/windsurf/resources/app/out/vs/workbench/api/node/extensionHostProcess.js:112:31062)
    at GS.h (file:///usr/share/windsurf/resources/app/out/vs/workbench/api/node/extensionHostProcess.js:112:32748)
    at GS.g (file:///usr/share/windsurf/resources/app/out/vs/workbench/api/node/extensionHostProcess.js:112:31825)
    at GS.executeCommand (file:///usr/share/windsurf/resources/app/out/vs/workbench/api/node/extensionHostProcess.js:112:31732)
    at Object.executeCommand (file:///usr/share/windsurf/resources/app/out/vs/workbench/api/node/extensionHostProcess.js:173:46382)
    at w (/home/pracker/.windsurf/extensions/eamodio.gitlens-17.0.2-universal/dist/gitlens.js:365:3186)
    at c (/home/pracker/.windsurf/extensions/eamodio.gitlens-17.0.2-universal/dist/gitlens.js:1:64500)
    at ActionRunners._updateContextKeys (/home/pracker/.windsurf/extensions/eamodio.gitlens-17.0.2-universal/dist/gitlens.js:1495:30978)
    at s (/home/pracker/.windsurf/extensions/eamodio.gitlens-17.0.2-universal/dist/gitlens.js:1495:29422)
    at RegisteredActionRunner.unregister (/home/pracker/.windsurf/extensions/eamodio.gitlens-17.0.2-universal/dist/gitlens.js:1495:29565)
    at RegisteredActionRunner.dispose (/home/pracker/.windsurf/extensions/eamodio.gitlens-17.0.2-universal/dist/gitlens.js:1495:28225)
    at Object.dispose (/home/pracker/.windsurf/extensions/eamodio.gitlens-17.0.2-universal/dist/gitlens.js:1495:29659)
    at Cs (file:///usr/share/windsurf/resources/app/out/vs/workbench/api/node/extensionHostProcess.js:25:701)
    at file:///usr/share/windsurf/resources/app/out/vs/workbench/api/node/extensionHostProcess.js:117:15142
    at file:///usr/share/windsurf/resources/app/out/vs/workbench/api/node/extensionHostProcess.js:25:1011
    at Object.dispose (file:///usr/share/windsurf/resources/app/out/vs/workbench/api/node/extensionHostProcess.js:8:705)
    at dK.eb (file:///usr/share/windsurf/resources/app/out/vs/workbench/api/node/extensionHostProcess.js:117:12069)
    at file:///usr/share/windsurf/resources/app/out/vs/workbench/api/node/extensionHostProcess.js:117:10024
    at Array.map (<anonymous>)
    at dK.$ (file:///usr/share/windsurf/resources/app/out/vs/workbench/api/node/extensionHostProcess.js:117:10012)
    at dK.terminate (file:///usr/share/windsurf/resources/app/out/vs/workbench/api/node/extensionHostProcess.js:117:10255)
    at C7.terminate (file:///usr/share/windsurf/resources/app/out/vs/workbench/api/node/extensionHostProcess.js:118:1434)
    at vn (file:///usr/share/windsurf/resources/app/out/vs/workbench/api/node/extensionHostProcess.js:191:15116)
    at MessagePortMain.<anonymous> (file:///usr/share/windsurf/resources/app/out/vs/workbench/api/node/extensionHostProcess.js:191:11656)
    at MessagePortMain.emit (node:events:518:28)
    at MessagePortMain.emit (node:domain:489:12)
    at Object.MessagePortMain._internalPort.emit (node:electron/js2c/utility_init:2:2949) setContext undefined
2025-04-15 12:09:36.076 [error] Canceled: Canceled
    at new TF (file:///usr/share/windsurf/resources/app/out/vs/workbench/api/node/extensionHostProcess.js:29:111806)
    at Jy.U (file:///usr/share/windsurf/resources/app/out/vs/workbench/api/node/extensionHostProcess.js:29:116417)
    at Proxy.n.<computed>.r.charCodeAt.n.<computed> (file:///usr/share/windsurf/resources/app/out/vs/workbench/api/node/extensionHostProcess.js:29:113911)
    at GS.g (file:///usr/share/windsurf/resources/app/out/vs/workbench/api/node/extensionHostProcess.js:112:32228)
    at GS.executeCommand (file:///usr/share/windsurf/resources/app/out/vs/workbench/api/node/extensionHostProcess.js:112:31732)
    at i.registerCommand.description (file:///usr/share/windsurf/resources/app/out/vs/workbench/api/node/extensionHostProcess.js:112:31062)
    at GS.h (file:///usr/share/windsurf/resources/app/out/vs/workbench/api/node/extensionHostProcess.js:112:32748)
    at GS.g (file:///usr/share/windsurf/resources/app/out/vs/workbench/api/node/extensionHostProcess.js:112:31825)
    at GS.executeCommand (file:///usr/share/windsurf/resources/app/out/vs/workbench/api/node/extensionHostProcess.js:112:31732)
    at Object.executeCommand (file:///usr/share/windsurf/resources/app/out/vs/workbench/api/node/extensionHostProcess.js:173:46382)
    at B.dispose (/home/pracker/.windsurf/extensions/ms-vscode.test-adapter-converter-0.2.1-universal/out/extension.js:9:458)
    at Cs (file:///usr/share/windsurf/resources/app/out/vs/workbench/api/node/extensionHostProcess.js:25:701)
    at file:///usr/share/windsurf/resources/app/out/vs/workbench/api/node/extensionHostProcess.js:117:15142
    at file:///usr/share/windsurf/resources/app/out/vs/workbench/api/node/extensionHostProcess.js:25:1011
    at Object.dispose (file:///usr/share/windsurf/resources/app/out/vs/workbench/api/node/extensionHostProcess.js:8:705)
    at dK.eb (file:///usr/share/windsurf/resources/app/out/vs/workbench/api/node/extensionHostProcess.js:117:12069)
    at file:///usr/share/windsurf/resources/app/out/vs/workbench/api/node/extensionHostProcess.js:117:10024
    at Array.map (<anonymous>)
    at dK.$ (file:///usr/share/windsurf/resources/app/out/vs/workbench/api/node/extensionHostProcess.js:117:10012)
    at dK.terminate (file:///usr/share/windsurf/resources/app/out/vs/workbench/api/node/extensionHostProcess.js:117:10255)
    at C7.terminate (file:///usr/share/windsurf/resources/app/out/vs/workbench/api/node/extensionHostProcess.js:118:1434)
    at vn (file:///usr/share/windsurf/resources/app/out/vs/workbench/api/node/extensionHostProcess.js:191:15116)
    at MessagePortMain.<anonymous> (file:///usr/share/windsurf/resources/app/out/vs/workbench/api/node/extensionHostProcess.js:191:11656)
    at MessagePortMain.emit (node:events:518:28)
    at MessagePortMain.emit (node:domain:489:12)
    at Object.MessagePortMain._internalPort.emit (node:electron/js2c/utility_init:2:2949) setContext undefined
2025-04-15 12:09:36.079 [info] Extension host with pid 23406 exiting with code 0
2025-04-15 12:09:37.069 [info] Extension host with pid 25587 started
2025-04-15 12:09:37.069 [info] Skipping acquiring lock for /home/pracker/.config/Windsurf/User/workspaceStorage/74e21c1aaa1a986dcc077b1065da9304.
2025-04-15 12:09:37.411 [info] ExtensionService#_doActivateExtension mechatroner.rainbow-csv, startup: false, activationEvent: 'onLanguage:plaintext'
2025-04-15 12:09:37.415 [info] ExtensionService#_doActivateExtension vscode.emmet, startup: false, activationEvent: 'onLanguage'
2025-04-15 12:09:37.429 [info] ExtensionService#_doActivateExtension vscode.configuration-editing, startup: false, activationEvent: 'onLanguage:jsonc'
2025-04-15 12:09:37.437 [info] ExtensionService#_doActivateExtension vscode.json-language-features, startup: false, activationEvent: 'onLanguage:jsonc'
2025-04-15 12:09:37.483 [info] ExtensionService#_doActivateExtension vscode.typescript-language-features, startup: false, activationEvent: 'onLanguage:jsonc'
2025-04-15 12:09:37.524 [info] ExtensionService#_doActivateExtension pflannery.vscode-versionlens, startup: false, activationEvent: 'onLanguage:jsonc'
2025-04-15 12:09:37.570 [info] ExtensionService#_doActivateExtension rvest.vs-code-prettier-eslint, startup: false, activationEvent: 'onLanguage:jsonc'
2025-04-15 12:09:38.264 [info] ExtensionService#_doActivateExtension vscode.git-base, startup: true, activationEvent: '*', root cause: vscode.git
2025-04-15 12:09:38.266 [info] ExtensionService#_doActivateExtension ms-vscode.test-adapter-converter, startup: true, activationEvent: '*', root cause: hbenl.vscode-test-explorer
2025-04-15 12:09:38.270 [info] ExtensionService#_doActivateExtension johnpapa.vscode-peacock, startup: true, activationEvent: '*'
2025-04-15 12:09:38.275 [info] ExtensionService#_doActivateExtension mhutchie.git-graph, startup: true, activationEvent: '*'
2025-04-15 12:09:38.283 [info] ExtensionService#_doActivateExtension wayou.vscode-todo-highlight, startup: true, activationEvent: '*'
2025-04-15 12:09:38.284 [info] ExtensionService#_doActivateExtension Zignd.html-css-class-completion, startup: true, activationEvent: '*'
2025-04-15 12:09:38.377 [info] ExtensionService#_doActivateExtension vscode.git, startup: true, activationEvent: '*'
2025-04-15 12:09:38.424 [info] ExtensionService#_doActivateExtension vscode.github, startup: true, activationEvent: '*'
2025-04-15 12:09:38.441 [info] ExtensionService#_doActivateExtension hbenl.vscode-test-explorer, startup: true, activationEvent: '*'
2025-04-15 12:09:38.520 [info] ExtensionService#_doActivateExtension codeium.windsurf, startup: true, activationEvent: '*'
2025-04-15 12:09:40.313 [warning] vscode.json-language-features - Code actions of kind 'quickfix' requested but returned code action is of kind 'source.sort.json'. Code action will be dropped. Please check 'CodeActionContext.only' to only return requested code actions.
2025-04-15 12:09:40.364 [info] Eager extensions activated
2025-04-15 12:09:40.387 [info] ExtensionService#_doActivateExtension vscode.debug-auto-launch, startup: false, activationEvent: 'onStartupFinished'
2025-04-15 12:09:40.388 [info] ExtensionService#_doActivateExtension vscode.merge-conflict, startup: false, activationEvent: 'onStartupFinished'
2025-04-15 12:09:40.403 [info] ExtensionService#_doActivateExtension Codeium.windsurf-dev-containers, startup: false, activationEvent: 'onStartupFinished'
2025-04-15 12:09:40.409 [info] ExtensionService#_doActivateExtension aaron-bond.better-comments, startup: false, activationEvent: 'onStartupFinished'
2025-04-15 12:09:40.411 [info] ExtensionService#_doActivateExtension bierner.emojisense, startup: false, activationEvent: 'onStartupFinished'
2025-04-15 12:09:40.417 [info] ExtensionService#_doActivateExtension bradlc.vscode-tailwindcss, startup: false, activationEvent: 'onStartupFinished'
2025-04-15 12:09:40.445 [info] ExtensionService#_doActivateExtension cyrilletuzi.angular-schematics, startup: false, activationEvent: 'onStartupFinished'
2025-04-15 12:09:40.752 [info] ExtensionService#_doActivateExtension dbaeumer.vscode-eslint, startup: false, activationEvent: 'onStartupFinished'
2025-04-15 12:09:40.775 [info] ExtensionService#_doActivateExtension dsznajder.es7-react-js-snippets, startup: false, activationEvent: 'onStartupFinished'
2025-04-15 12:09:41.110 [info] ExtensionService#_doActivateExtension eamodio.gitlens, startup: false, activationEvent: 'onStartupFinished'
2025-04-15 12:09:41.236 [info] ExtensionService#_doActivateExtension ecmel.vscode-html-css, startup: false, activationEvent: 'onStartupFinished'
2025-04-15 12:09:41.237 [info] ExtensionService#_doActivateExtension EditorConfig.EditorConfig, startup: false, activationEvent: 'onStartupFinished'
2025-04-15 12:09:41.250 [info] ExtensionService#_doActivateExtension esbenp.prettier-vscode, startup: false, activationEvent: 'onStartupFinished'
2025-04-15 12:09:41.296 [info] ExtensionService#_doActivateExtension Gruntfuggly.todo-tree, startup: false, activationEvent: 'onStartupFinished'
2025-04-15 12:09:41.316 [info] ExtensionService#_doActivateExtension kisstkondoros.vscode-gutter-preview, startup: false, activationEvent: 'onStartupFinished'
2025-04-15 12:09:41.344 [info] ExtensionService#_doActivateExtension PKief.material-icon-theme, startup: false, activationEvent: 'onStartupFinished'
2025-04-15 12:09:41.354 [info] ExtensionService#_doActivateExtension shardulm94.trailing-spaces, startup: false, activationEvent: 'onStartupFinished'
2025-04-15 12:09:41.360 [info] ExtensionService#_doActivateExtension subframe7536.custom-ui-style, startup: false, activationEvent: 'onStartupFinished'
2025-04-15 12:09:41.363 [info] ExtensionService#_doActivateExtension usernamehw.errorlens, startup: false, activationEvent: 'onStartupFinished'
2025-04-15 12:09:41.368 [info] ExtensionService#_doActivateExtension vscode-icons-team.vscode-icons, startup: false, activationEvent: 'onStartupFinished'
2025-04-15 12:09:41.391 [info] ExtensionService#_doActivateExtension waderyan.gitblame, startup: false, activationEvent: 'onStartupFinished'
2025-04-15 12:09:41.393 [info] ExtensionService#_doActivateExtension zhuangtongfa.material-theme, startup: false, activationEvent: 'onStartupFinished'
2025-04-15 12:09:41.829 [info] ExtensionService#_doActivateExtension vscode.github-authentication, startup: false, activationEvent: 'onAuthenticationRequest:github'
2025-04-15 12:09:41.863 [warning] vscode.json-language-features - Code actions of kind 'quickfix' requested but returned code action is of kind 'source.sort.json'. Code action will be dropped. Please check 'CodeActionContext.only' to only return requested code actions.
2025-04-15 12:09:41.865 [warning] vscode.json-language-features - Code actions of kind 'quickfix' requested but returned code action is of kind 'source.sort.json'. Code action will be dropped. Please check 'CodeActionContext.only' to only return requested code actions.
2025-04-15 12:09:41.866 [warning] vscode.json-language-features - Code actions of kind 'quickfix' requested but returned code action is of kind 'source.sort.json'. Code action will be dropped. Please check 'CodeActionContext.only' to only return requested code actions.
2025-04-15 12:09:41.867 [warning] vscode.json-language-features - Code actions of kind 'quickfix' requested but returned code action is of kind 'source.sort.json'. Code action will be dropped. Please check 'CodeActionContext.only' to only return requested code actions.
2025-04-15 12:09:41.868 [warning] vscode.json-language-features - Code actions of kind 'quickfix' requested but returned code action is of kind 'source.sort.json'. Code action will be dropped. Please check 'CodeActionContext.only' to only return requested code actions.
2025-04-15 12:09:41.868 [warning] vscode.json-language-features - Code actions of kind 'quickfix' requested but returned code action is of kind 'source.sort.json'. Code action will be dropped. Please check 'CodeActionContext.only' to only return requested code actions.
2025-04-15 12:09:41.870 [warning] vscode.json-language-features - Code actions of kind 'quickfix' requested but returned code action is of kind 'source.sort.json'. Code action will be dropped. Please check 'CodeActionContext.only' to only return requested code actions.
2025-04-15 12:09:41.871 [warning] vscode.json-language-features - Code actions of kind 'quickfix' requested but returned code action is of kind 'source.sort.json'. Code action will be dropped. Please check 'CodeActionContext.only' to only return requested code actions.
2025-04-15 12:09:41.879 [warning] vscode.json-language-features - Code actions of kind 'quickfix' requested but returned code action is of kind 'source.sort.json'. Code action will be dropped. Please check 'CodeActionContext.only' to only return requested code actions.
2025-04-15 12:09:41.879 [warning] vscode.json-language-features - Code actions of kind 'quickfix' requested but returned code action is of kind 'source.sort.json'. Code action will be dropped. Please check 'CodeActionContext.only' to only return requested code actions.
2025-04-15 12:09:41.882 [warning] vscode.json-language-features - Code actions of kind 'quickfix' requested but returned code action is of kind 'source.sort.json'. Code action will be dropped. Please check 'CodeActionContext.only' to only return requested code actions.
2025-04-15 12:09:41.883 [warning] vscode.json-language-features - Code actions of kind 'quickfix' requested but returned code action is of kind 'source.sort.json'. Code action will be dropped. Please check 'CodeActionContext.only' to only return requested code actions.
2025-04-15 12:09:41.887 [warning] vscode.json-language-features - Code actions of kind 'quickfix' requested but returned code action is of kind 'source.sort.json'. Code action will be dropped. Please check 'CodeActionContext.only' to only return requested code actions.
2025-04-15 12:09:41.887 [warning] vscode.json-language-features - Code actions of kind 'quickfix' requested but returned code action is of kind 'source.sort.json'. Code action will be dropped. Please check 'CodeActionContext.only' to only return requested code actions.
2025-04-15 12:09:41.897 [warning] vscode.json-language-features - Code actions of kind 'quickfix' requested but returned code action is of kind 'source.sort.json'. Code action will be dropped. Please check 'CodeActionContext.only' to only return requested code actions.
2025-04-15 12:09:41.897 [warning] vscode.json-language-features - Code actions of kind 'quickfix' requested but returned code action is of kind 'source.sort.json'. Code action will be dropped. Please check 'CodeActionContext.only' to only return requested code actions.
2025-04-15 12:09:41.898 [warning] vscode.json-language-features - Code actions of kind 'quickfix' requested but returned code action is of kind 'source.sort.json'. Code action will be dropped. Please check 'CodeActionContext.only' to only return requested code actions.
2025-04-15 12:09:41.898 [warning] vscode.json-language-features - Code actions of kind 'quickfix' requested but returned code action is of kind 'source.sort.json'. Code action will be dropped. Please check 'CodeActionContext.only' to only return requested code actions.
2025-04-15 12:10:50.844 [warning] vscode.json-language-features - Code actions of kind 'quickfix' requested but returned code action is of kind 'source.sort.json'. Code action will be dropped. Please check 'CodeActionContext.only' to only return requested code actions.
2025-04-15 12:10:50.845 [warning] vscode.json-language-features - Code actions of kind 'quickfix' requested but returned code action is of kind 'source.sort.json'. Code action will be dropped. Please check 'CodeActionContext.only' to only return requested code actions.
2025-04-15 12:10:50.845 [warning] vscode.json-language-features - Code actions of kind 'quickfix' requested but returned code action is of kind 'source.sort.json'. Code action will be dropped. Please check 'CodeActionContext.only' to only return requested code actions.
2025-04-15 12:10:50.846 [warning] vscode.json-language-features - Code actions of kind 'quickfix' requested but returned code action is of kind 'source.sort.json'. Code action will be dropped. Please check 'CodeActionContext.only' to only return requested code actions.
2025-04-15 12:10:50.847 [warning] vscode.json-language-features - Code actions of kind 'quickfix' requested but returned code action is of kind 'source.sort.json'. Code action will be dropped. Please check 'CodeActionContext.only' to only return requested code actions.
2025-04-15 12:10:50.847 [warning] vscode.json-language-features - Code actions of kind 'quickfix' requested but returned code action is of kind 'source.sort.json'. Code action will be dropped. Please check 'CodeActionContext.only' to only return requested code actions.
2025-04-15 12:10:50.848 [warning] vscode.json-language-features - Code actions of kind 'quickfix' requested but returned code action is of kind 'source.sort.json'. Code action will be dropped. Please check 'CodeActionContext.only' to only return requested code actions.
2025-04-15 12:10:50.849 [warning] vscode.json-language-features - Code actions of kind 'quickfix' requested but returned code action is of kind 'source.sort.json'. Code action will be dropped. Please check 'CodeActionContext.only' to only return requested code actions.
2025-04-15 12:10:50.849 [warning] vscode.json-language-features - Code actions of kind 'quickfix' requested but returned code action is of kind 'source.sort.json'. Code action will be dropped. Please check 'CodeActionContext.only' to only return requested code actions.
2025-04-15 12:10:50.850 [warning] vscode.json-language-features - Code actions of kind 'quickfix' requested but returned code action is of kind 'source.sort.json'. Code action will be dropped. Please check 'CodeActionContext.only' to only return requested code actions.
2025-04-15 12:10:50.851 [warning] vscode.json-language-features - Code actions of kind 'quickfix' requested but returned code action is of kind 'source.sort.json'. Code action will be dropped. Please check 'CodeActionContext.only' to only return requested code actions.
2025-04-15 12:10:50.852 [warning] vscode.json-language-features - Code actions of kind 'quickfix' requested but returned code action is of kind 'source.sort.json'. Code action will be dropped. Please check 'CodeActionContext.only' to only return requested code actions.
2025-04-15 12:10:50.852 [warning] vscode.json-language-features - Code actions of kind 'quickfix' requested but returned code action is of kind 'source.sort.json'. Code action will be dropped. Please check 'CodeActionContext.only' to only return requested code actions.
2025-04-15 12:10:50.853 [warning] vscode.json-language-features - Code actions of kind 'quickfix' requested but returned code action is of kind 'source.sort.json'. Code action will be dropped. Please check 'CodeActionContext.only' to only return requested code actions.
2025-04-15 12:10:50.853 [warning] vscode.json-language-features - Code actions of kind 'quickfix' requested but returned code action is of kind 'source.sort.json'. Code action will be dropped. Please check 'CodeActionContext.only' to only return requested code actions.
2025-04-15 12:10:50.854 [warning] vscode.json-language-features - Code actions of kind 'quickfix' requested but returned code action is of kind 'source.sort.json'. Code action will be dropped. Please check 'CodeActionContext.only' to only return requested code actions.
2025-04-15 12:10:50.855 [warning] vscode.json-language-features - Code actions of kind 'quickfix' requested but returned code action is of kind 'source.sort.json'. Code action will be dropped. Please check 'CodeActionContext.only' to only return requested code actions.
2025-04-15 12:10:50.857 [warning] vscode.json-language-features - Code actions of kind 'quickfix' requested but returned code action is of kind 'source.sort.json'. Code action will be dropped. Please check 'CodeActionContext.only' to only return requested code actions.
2025-04-15 12:11:10.670 [warning] vscode.json-language-features - Code actions of kind 'quickfix' requested but returned code action is of kind 'source.sort.json'. Code action will be dropped. Please check 'CodeActionContext.only' to only return requested code actions.
2025-04-15 12:11:10.671 [warning] vscode.json-language-features - Code actions of kind 'quickfix' requested but returned code action is of kind 'source.sort.json'. Code action will be dropped. Please check 'CodeActionContext.only' to only return requested code actions.
2025-04-15 12:11:10.672 [warning] vscode.json-language-features - Code actions of kind 'quickfix' requested but returned code action is of kind 'source.sort.json'. Code action will be dropped. Please check 'CodeActionContext.only' to only return requested code actions.
2025-04-15 12:11:10.673 [warning] vscode.json-language-features - Code actions of kind 'quickfix' requested but returned code action is of kind 'source.sort.json'. Code action will be dropped. Please check 'CodeActionContext.only' to only return requested code actions.
2025-04-15 12:11:10.674 [warning] vscode.json-language-features - Code actions of kind 'quickfix' requested but returned code action is of kind 'source.sort.json'. Code action will be dropped. Please check 'CodeActionContext.only' to only return requested code actions.
2025-04-15 12:11:10.674 [warning] vscode.json-language-features - Code actions of kind 'quickfix' requested but returned code action is of kind 'source.sort.json'. Code action will be dropped. Please check 'CodeActionContext.only' to only return requested code actions.
2025-04-15 12:11:10.675 [warning] vscode.json-language-features - Code actions of kind 'quickfix' requested but returned code action is of kind 'source.sort.json'. Code action will be dropped. Please check 'CodeActionContext.only' to only return requested code actions.
2025-04-15 12:11:10.676 [warning] vscode.json-language-features - Code actions of kind 'quickfix' requested but returned code action is of kind 'source.sort.json'. Code action will be dropped. Please check 'CodeActionContext.only' to only return requested code actions.
2025-04-15 12:11:10.677 [warning] vscode.json-language-features - Code actions of kind 'quickfix' requested but returned code action is of kind 'source.sort.json'. Code action will be dropped. Please check 'CodeActionContext.only' to only return requested code actions.
2025-04-15 12:11:10.677 [warning] vscode.json-language-features - Code actions of kind 'quickfix' requested but returned code action is of kind 'source.sort.json'. Code action will be dropped. Please check 'CodeActionContext.only' to only return requested code actions.
2025-04-15 12:11:10.678 [warning] vscode.json-language-features - Code actions of kind 'quickfix' requested but returned code action is of kind 'source.sort.json'. Code action will be dropped. Please check 'CodeActionContext.only' to only return requested code actions.
2025-04-15 12:11:10.679 [warning] vscode.json-language-features - Code actions of kind 'quickfix' requested but returned code action is of kind 'source.sort.json'. Code action will be dropped. Please check 'CodeActionContext.only' to only return requested code actions.
2025-04-15 12:11:10.679 [warning] vscode.json-language-features - Code actions of kind 'quickfix' requested but returned code action is of kind 'source.sort.json'. Code action will be dropped. Please check 'CodeActionContext.only' to only return requested code actions.
2025-04-15 12:11:10.680 [warning] vscode.json-language-features - Code actions of kind 'quickfix' requested but returned code action is of kind 'source.sort.json'. Code action will be dropped. Please check 'CodeActionContext.only' to only return requested code actions.
2025-04-15 12:11:10.680 [warning] vscode.json-language-features - Code actions of kind 'quickfix' requested but returned code action is of kind 'source.sort.json'. Code action will be dropped. Please check 'CodeActionContext.only' to only return requested code actions.
2025-04-15 12:11:10.681 [warning] vscode.json-language-features - Code actions of kind 'quickfix' requested but returned code action is of kind 'source.sort.json'. Code action will be dropped. Please check 'CodeActionContext.only' to only return requested code actions.
2025-04-15 12:11:10.682 [warning] vscode.json-language-features - Code actions of kind 'quickfix' requested but returned code action is of kind 'source.sort.json'. Code action will be dropped. Please check 'CodeActionContext.only' to only return requested code actions.
2025-04-15 12:11:10.682 [warning] vscode.json-language-features - Code actions of kind 'quickfix' requested but returned code action is of kind 'source.sort.json'. Code action will be dropped. Please check 'CodeActionContext.only' to only return requested code actions.
2025-04-15 12:11:13.664 [warning] vscode.json-language-features - Code actions of kind 'quickfix' requested but returned code action is of kind 'source.sort.json'. Code action will be dropped. Please check 'CodeActionContext.only' to only return requested code actions.
2025-04-15 12:11:13.665 [warning] vscode.json-language-features - Code actions of kind 'quickfix' requested but returned code action is of kind 'source.sort.json'. Code action will be dropped. Please check 'CodeActionContext.only' to only return requested code actions.
2025-04-15 12:11:13.666 [warning] vscode.json-language-features - Code actions of kind 'quickfix' requested but returned code action is of kind 'source.sort.json'. Code action will be dropped. Please check 'CodeActionContext.only' to only return requested code actions.
2025-04-15 12:11:13.667 [warning] vscode.json-language-features - Code actions of kind 'quickfix' requested but returned code action is of kind 'source.sort.json'. Code action will be dropped. Please check 'CodeActionContext.only' to only return requested code actions.
2025-04-15 12:11:13.668 [warning] vscode.json-language-features - Code actions of kind 'quickfix' requested but returned code action is of kind 'source.sort.json'. Code action will be dropped. Please check 'CodeActionContext.only' to only return requested code actions.
2025-04-15 12:11:13.669 [warning] vscode.json-language-features - Code actions of kind 'quickfix' requested but returned code action is of kind 'source.sort.json'. Code action will be dropped. Please check 'CodeActionContext.only' to only return requested code actions.
2025-04-15 12:11:13.670 [warning] vscode.json-language-features - Code actions of kind 'quickfix' requested but returned code action is of kind 'source.sort.json'. Code action will be dropped. Please check 'CodeActionContext.only' to only return requested code actions.
2025-04-15 12:11:13.671 [warning] vscode.json-language-features - Code actions of kind 'quickfix' requested but returned code action is of kind 'source.sort.json'. Code action will be dropped. Please check 'CodeActionContext.only' to only return requested code actions.
2025-04-15 12:11:13.671 [warning] vscode.json-language-features - Code actions of kind 'quickfix' requested but returned code action is of kind 'source.sort.json'. Code action will be dropped. Please check 'CodeActionContext.only' to only return requested code actions.
2025-04-15 12:11:13.672 [warning] vscode.json-language-features - Code actions of kind 'quickfix' requested but returned code action is of kind 'source.sort.json'. Code action will be dropped. Please check 'CodeActionContext.only' to only return requested code actions.
2025-04-15 12:11:13.673 [warning] vscode.json-language-features - Code actions of kind 'quickfix' requested but returned code action is of kind 'source.sort.json'. Code action will be dropped. Please check 'CodeActionContext.only' to only return requested code actions.
2025-04-15 12:11:13.673 [warning] vscode.json-language-features - Code actions of kind 'quickfix' requested but returned code action is of kind 'source.sort.json'. Code action will be dropped. Please check 'CodeActionContext.only' to only return requested code actions.
2025-04-15 12:11:13.674 [warning] vscode.json-language-features - Code actions of kind 'quickfix' requested but returned code action is of kind 'source.sort.json'. Code action will be dropped. Please check 'CodeActionContext.only' to only return requested code actions.
2025-04-15 12:11:13.675 [warning] vscode.json-language-features - Code actions of kind 'quickfix' requested but returned code action is of kind 'source.sort.json'. Code action will be dropped. Please check 'CodeActionContext.only' to only return requested code actions.
2025-04-15 12:11:13.675 [warning] vscode.json-language-features - Code actions of kind 'quickfix' requested but returned code action is of kind 'source.sort.json'. Code action will be dropped. Please check 'CodeActionContext.only' to only return requested code actions.
2025-04-15 12:11:13.676 [warning] vscode.json-language-features - Code actions of kind 'quickfix' requested but returned code action is of kind 'source.sort.json'. Code action will be dropped. Please check 'CodeActionContext.only' to only return requested code actions.
2025-04-15 12:11:13.677 [warning] vscode.json-language-features - Code actions of kind 'quickfix' requested but returned code action is of kind 'source.sort.json'. Code action will be dropped. Please check 'CodeActionContext.only' to only return requested code actions.
2025-04-15 12:11:13.677 [warning] vscode.json-language-features - Code actions of kind 'quickfix' requested but returned code action is of kind 'source.sort.json'. Code action will be dropped. Please check 'CodeActionContext.only' to only return requested code actions.
2025-04-15 12:11:15.109 [warning] vscode.json-language-features - Code actions of kind 'quickfix' requested but returned code action is of kind 'source.sort.json'. Code action will be dropped. Please check 'CodeActionContext.only' to only return requested code actions.
2025-04-15 12:11:15.110 [warning] vscode.json-language-features - Code actions of kind 'quickfix' requested but returned code action is of kind 'source.sort.json'. Code action will be dropped. Please check 'CodeActionContext.only' to only return requested code actions.
2025-04-15 12:11:15.111 [warning] vscode.json-language-features - Code actions of kind 'quickfix' requested but returned code action is of kind 'source.sort.json'. Code action will be dropped. Please check 'CodeActionContext.only' to only return requested code actions.
2025-04-15 12:11:15.114 [warning] vscode.json-language-features - Code actions of kind 'quickfix' requested but returned code action is of kind 'source.sort.json'. Code action will be dropped. Please check 'CodeActionContext.only' to only return requested code actions.
2025-04-15 12:11:15.115 [warning] vscode.json-language-features - Code actions of kind 'quickfix' requested but returned code action is of kind 'source.sort.json'. Code action will be dropped. Please check 'CodeActionContext.only' to only return requested code actions.
2025-04-15 12:11:15.116 [warning] vscode.json-language-features - Code actions of kind 'quickfix' requested but returned code action is of kind 'source.sort.json'. Code action will be dropped. Please check 'CodeActionContext.only' to only return requested code actions.
2025-04-15 12:11:15.116 [warning] vscode.json-language-features - Code actions of kind 'quickfix' requested but returned code action is of kind 'source.sort.json'. Code action will be dropped. Please check 'CodeActionContext.only' to only return requested code actions.
2025-04-15 12:11:15.117 [warning] vscode.json-language-features - Code actions of kind 'quickfix' requested but returned code action is of kind 'source.sort.json'. Code action will be dropped. Please check 'CodeActionContext.only' to only return requested code actions.
2025-04-15 12:11:15.118 [warning] vscode.json-language-features - Code actions of kind 'quickfix' requested but returned code action is of kind 'source.sort.json'. Code action will be dropped. Please check 'CodeActionContext.only' to only return requested code actions.
2025-04-15 12:11:19.928 [warning] vscode.json-language-features - Code actions of kind 'quickfix' requested but returned code action is of kind 'source.sort.json'. Code action will be dropped. Please check 'CodeActionContext.only' to only return requested code actions.
2025-04-15 12:11:19.929 [warning] vscode.json-language-features - Code actions of kind 'quickfix' requested but returned code action is of kind 'source.sort.json'. Code action will be dropped. Please check 'CodeActionContext.only' to only return requested code actions.
2025-04-15 12:11:19.930 [warning] vscode.json-language-features - Code actions of kind 'quickfix' requested but returned code action is of kind 'source.sort.json'. Code action will be dropped. Please check 'CodeActionContext.only' to only return requested code actions.
2025-04-15 12:11:19.931 [warning] vscode.json-language-features - Code actions of kind 'quickfix' requested but returned code action is of kind 'source.sort.json'. Code action will be dropped. Please check 'CodeActionContext.only' to only return requested code actions.
2025-04-15 12:11:19.932 [warning] vscode.json-language-features - Code actions of kind 'quickfix' requested but returned code action is of kind 'source.sort.json'. Code action will be dropped. Please check 'CodeActionContext.only' to only return requested code actions.
2025-04-15 12:11:19.933 [warning] vscode.json-language-features - Code actions of kind 'quickfix' requested but returned code action is of kind 'source.sort.json'. Code action will be dropped. Please check 'CodeActionContext.only' to only return requested code actions.
2025-04-15 12:11:19.934 [warning] vscode.json-language-features - Code actions of kind 'quickfix' requested but returned code action is of kind 'source.sort.json'. Code action will be dropped. Please check 'CodeActionContext.only' to only return requested code actions.
2025-04-15 12:11:19.935 [warning] vscode.json-language-features - Code actions of kind 'quickfix' requested but returned code action is of kind 'source.sort.json'. Code action will be dropped. Please check 'CodeActionContext.only' to only return requested code actions.
2025-04-15 12:11:19.936 [warning] vscode.json-language-features - Code actions of kind 'quickfix' requested but returned code action is of kind 'source.sort.json'. Code action will be dropped. Please check 'CodeActionContext.only' to only return requested code actions.
2025-04-15 12:11:19.937 [warning] vscode.json-language-features - Code actions of kind 'quickfix' requested but returned code action is of kind 'source.sort.json'. Code action will be dropped. Please check 'CodeActionContext.only' to only return requested code actions.
2025-04-15 12:11:19.938 [warning] vscode.json-language-features - Code actions of kind 'quickfix' requested but returned code action is of kind 'source.sort.json'. Code action will be dropped. Please check 'CodeActionContext.only' to only return requested code actions.
2025-04-15 12:11:19.939 [warning] vscode.json-language-features - Code actions of kind 'quickfix' requested but returned code action is of kind 'source.sort.json'. Code action will be dropped. Please check 'CodeActionContext.only' to only return requested code actions.
2025-04-15 12:11:20.690 [warning] vscode.json-language-features - Code actions of kind 'quickfix' requested but returned code action is of kind 'source.sort.json'. Code action will be dropped. Please check 'CodeActionContext.only' to only return requested code actions.
2025-04-15 12:11:20.691 [warning] vscode.json-language-features - Code actions of kind 'quickfix' requested but returned code action is of kind 'source.sort.json'. Code action will be dropped. Please check 'CodeActionContext.only' to only return requested code actions.
2025-04-15 12:11:20.691 [warning] vscode.json-language-features - Code actions of kind 'quickfix' requested but returned code action is of kind 'source.sort.json'. Code action will be dropped. Please check 'CodeActionContext.only' to only return requested code actions.
2025-04-15 12:11:20.692 [warning] vscode.json-language-features - Code actions of kind 'quickfix' requested but returned code action is of kind 'source.sort.json'. Code action will be dropped. Please check 'CodeActionContext.only' to only return requested code actions.
2025-04-15 12:11:20.693 [warning] vscode.json-language-features - Code actions of kind 'quickfix' requested but returned code action is of kind 'source.sort.json'. Code action will be dropped. Please check 'CodeActionContext.only' to only return requested code actions.
2025-04-15 12:11:20.693 [warning] vscode.json-language-features - Code actions of kind 'quickfix' requested but returned code action is of kind 'source.sort.json'. Code action will be dropped. Please check 'CodeActionContext.only' to only return requested code actions.
2025-04-15 12:11:20.694 [warning] vscode.json-language-features - Code actions of kind 'quickfix' requested but returned code action is of kind 'source.sort.json'. Code action will be dropped. Please check 'CodeActionContext.only' to only return requested code actions.
2025-04-15 12:11:20.695 [warning] vscode.json-language-features - Code actions of kind 'quickfix' requested but returned code action is of kind 'source.sort.json'. Code action will be dropped. Please check 'CodeActionContext.only' to only return requested code actions.
2025-04-15 12:11:20.696 [warning] vscode.json-language-features - Code actions of kind 'quickfix' requested but returned code action is of kind 'source.sort.json'. Code action will be dropped. Please check 'CodeActionContext.only' to only return requested code actions.
2025-04-15 12:11:20.696 [warning] vscode.json-language-features - Code actions of kind 'quickfix' requested but returned code action is of kind 'source.sort.json'. Code action will be dropped. Please check 'CodeActionContext.only' to only return requested code actions.
2025-04-15 12:11:20.697 [warning] vscode.json-language-features - Code actions of kind 'quickfix' requested but returned code action is of kind 'source.sort.json'. Code action will be dropped. Please check 'CodeActionContext.only' to only return requested code actions.
2025-04-15 12:11:20.698 [warning] vscode.json-language-features - Code actions of kind 'quickfix' requested but returned code action is of kind 'source.sort.json'. Code action will be dropped. Please check 'CodeActionContext.only' to only return requested code actions.
2025-04-15 12:11:27.907 [warning] vscode.json-language-features - Code actions of kind 'quickfix' requested but returned code action is of kind 'source.sort.json'. Code action will be dropped. Please check 'CodeActionContext.only' to only return requested code actions.
2025-04-15 12:11:36.547 [warning] vscode.json-language-features - Code actions of kind 'quickfix' requested but returned code action is of kind 'source.sort.json'. Code action will be dropped. Please check 'CodeActionContext.only' to only return requested code actions.
2025-04-15 12:11:46.113 [warning] vscode.json-language-features - Code actions of kind 'quickfix' requested but returned code action is of kind 'source.sort.json'. Code action will be dropped. Please check 'CodeActionContext.only' to only return requested code actions.
2025-04-15 12:11:46.115 [warning] vscode.json-language-features - Code actions of kind 'quickfix' requested but returned code action is of kind 'source.sort.json'. Code action will be dropped. Please check 'CodeActionContext.only' to only return requested code actions.
2025-04-15 12:11:46.119 [warning] vscode.json-language-features - Code actions of kind 'quickfix' requested but returned code action is of kind 'source.sort.json'. Code action will be dropped. Please check 'CodeActionContext.only' to only return requested code actions.
2025-04-15 12:11:46.120 [warning] vscode.json-language-features - Code actions of kind 'quickfix' requested but returned code action is of kind 'source.sort.json'. Code action will be dropped. Please check 'CodeActionContext.only' to only return requested code actions.
2025-04-15 12:11:46.121 [warning] vscode.json-language-features - Code actions of kind 'quickfix' requested but returned code action is of kind 'source.sort.json'. Code action will be dropped. Please check 'CodeActionContext.only' to only return requested code actions.
2025-04-15 12:11:46.122 [warning] vscode.json-language-features - Code actions of kind 'quickfix' requested but returned code action is of kind 'source.sort.json'. Code action will be dropped. Please check 'CodeActionContext.only' to only return requested code actions.
2025-04-15 12:11:46.122 [warning] vscode.json-language-features - Code actions of kind 'quickfix' requested but returned code action is of kind 'source.sort.json'. Code action will be dropped. Please check 'CodeActionContext.only' to only return requested code actions.
2025-04-15 12:11:46.123 [warning] vscode.json-language-features - Code actions of kind 'quickfix' requested but returned code action is of kind 'source.sort.json'. Code action will be dropped. Please check 'CodeActionContext.only' to only return requested code actions.
2025-04-15 12:11:46.668 [warning] vscode.json-language-features - Code actions of kind 'quickfix' requested but returned code action is of kind 'source.sort.json'. Code action will be dropped. Please check 'CodeActionContext.only' to only return requested code actions.
2025-04-15 12:11:46.669 [warning] vscode.json-language-features - Code actions of kind 'quickfix' requested but returned code action is of kind 'source.sort.json'. Code action will be dropped. Please check 'CodeActionContext.only' to only return requested code actions.
2025-04-15 12:11:46.670 [warning] vscode.json-language-features - Code actions of kind 'quickfix' requested but returned code action is of kind 'source.sort.json'. Code action will be dropped. Please check 'CodeActionContext.only' to only return requested code actions.
2025-04-15 12:11:46.670 [warning] vscode.json-language-features - Code actions of kind 'quickfix' requested but returned code action is of kind 'source.sort.json'. Code action will be dropped. Please check 'CodeActionContext.only' to only return requested code actions.
2025-04-15 12:11:46.671 [warning] vscode.json-language-features - Code actions of kind 'quickfix' requested but returned code action is of kind 'source.sort.json'. Code action will be dropped. Please check 'CodeActionContext.only' to only return requested code actions.
2025-04-15 12:11:46.671 [warning] vscode.json-language-features - Code actions of kind 'quickfix' requested but returned code action is of kind 'source.sort.json'. Code action will be dropped. Please check 'CodeActionContext.only' to only return requested code actions.
2025-04-15 12:11:46.672 [warning] vscode.json-language-features - Code actions of kind 'quickfix' requested but returned code action is of kind 'source.sort.json'. Code action will be dropped. Please check 'CodeActionContext.only' to only return requested code actions.
2025-04-15 12:11:46.672 [warning] vscode.json-language-features - Code actions of kind 'quickfix' requested but returned code action is of kind 'source.sort.json'. Code action will be dropped. Please check 'CodeActionContext.only' to only return requested code actions.
2025-04-15 12:11:46.673 [warning] vscode.json-language-features - Code actions of kind 'quickfix' requested but returned code action is of kind 'source.sort.json'. Code action will be dropped. Please check 'CodeActionContext.only' to only return requested code actions.
2025-04-15 12:11:46.673 [warning] vscode.json-language-features - Code actions of kind 'quickfix' requested but returned code action is of kind 'source.sort.json'. Code action will be dropped. Please check 'CodeActionContext.only' to only return requested code actions.
2025-04-15 12:11:46.674 [warning] vscode.json-language-features - Code actions of kind 'quickfix' requested but returned code action is of kind 'source.sort.json'. Code action will be dropped. Please check 'CodeActionContext.only' to only return requested code actions.
2025-04-15 12:11:46.674 [warning] vscode.json-language-features - Code actions of kind 'quickfix' requested but returned code action is of kind 'source.sort.json'. Code action will be dropped. Please check 'CodeActionContext.only' to only return requested code actions.
2025-04-15 12:11:46.674 [warning] vscode.json-language-features - Code actions of kind 'quickfix' requested but returned code action is of kind 'source.sort.json'. Code action will be dropped. Please check 'CodeActionContext.only' to only return requested code actions.
2025-04-15 12:11:46.675 [warning] vscode.json-language-features - Code actions of kind 'quickfix' requested but returned code action is of kind 'source.sort.json'. Code action will be dropped. Please check 'CodeActionContext.only' to only return requested code actions.
2025-04-15 12:11:46.675 [warning] vscode.json-language-features - Code actions of kind 'quickfix' requested but returned code action is of kind 'source.sort.json'. Code action will be dropped. Please check 'CodeActionContext.only' to only return requested code actions.
2025-04-15 12:11:46.675 [warning] vscode.json-language-features - Code actions of kind 'quickfix' requested but returned code action is of kind 'source.sort.json'. Code action will be dropped. Please check 'CodeActionContext.only' to only return requested code actions.
2025-04-15 12:11:47.210 [warning] vscode.json-language-features - Code actions of kind 'quickfix' requested but returned code action is of kind 'source.sort.json'. Code action will be dropped. Please check 'CodeActionContext.only' to only return requested code actions.
2025-04-15 12:11:47.211 [warning] vscode.json-language-features - Code actions of kind 'quickfix' requested but returned code action is of kind 'source.sort.json'. Code action will be dropped. Please check 'CodeActionContext.only' to only return requested code actions.
2025-04-15 12:11:47.212 [warning] vscode.json-language-features - Code actions of kind 'quickfix' requested but returned code action is of kind 'source.sort.json'. Code action will be dropped. Please check 'CodeActionContext.only' to only return requested code actions.
2025-04-15 12:11:47.213 [warning] vscode.json-language-features - Code actions of kind 'quickfix' requested but returned code action is of kind 'source.sort.json'. Code action will be dropped. Please check 'CodeActionContext.only' to only return requested code actions.
2025-04-15 12:11:47.213 [warning] vscode.json-language-features - Code actions of kind 'quickfix' requested but returned code action is of kind 'source.sort.json'. Code action will be dropped. Please check 'CodeActionContext.only' to only return requested code actions.
2025-04-15 12:11:47.214 [warning] vscode.json-language-features - Code actions of kind 'quickfix' requested but returned code action is of kind 'source.sort.json'. Code action will be dropped. Please check 'CodeActionContext.only' to only return requested code actions.
2025-04-15 12:11:47.214 [warning] vscode.json-language-features - Code actions of kind 'quickfix' requested but returned code action is of kind 'source.sort.json'. Code action will be dropped. Please check 'CodeActionContext.only' to only return requested code actions.
2025-04-15 12:11:47.215 [warning] vscode.json-language-features - Code actions of kind 'quickfix' requested but returned code action is of kind 'source.sort.json'. Code action will be dropped. Please check 'CodeActionContext.only' to only return requested code actions.
2025-04-15 12:11:48.592 [warning] vscode.json-language-features - Code actions of kind 'quickfix' requested but returned code action is of kind 'source.sort.json'. Code action will be dropped. Please check 'CodeActionContext.only' to only return requested code actions.
2025-04-15 12:11:48.593 [warning] vscode.json-language-features - Code actions of kind 'quickfix' requested but returned code action is of kind 'source.sort.json'. Code action will be dropped. Please check 'CodeActionContext.only' to only return requested code actions.
2025-04-15 12:11:48.594 [warning] vscode.json-language-features - Code actions of kind 'quickfix' requested but returned code action is of kind 'source.sort.json'. Code action will be dropped. Please check 'CodeActionContext.only' to only return requested code actions.
2025-04-15 12:11:48.595 [warning] vscode.json-language-features - Code actions of kind 'quickfix' requested but returned code action is of kind 'source.sort.json'. Code action will be dropped. Please check 'CodeActionContext.only' to only return requested code actions.
2025-04-15 12:11:48.596 [warning] vscode.json-language-features - Code actions of kind 'quickfix' requested but returned code action is of kind 'source.sort.json'. Code action will be dropped. Please check 'CodeActionContext.only' to only return requested code actions.
2025-04-15 12:11:48.597 [warning] vscode.json-language-features - Code actions of kind 'quickfix' requested but returned code action is of kind 'source.sort.json'. Code action will be dropped. Please check 'CodeActionContext.only' to only return requested code actions.
2025-04-15 12:11:48.598 [warning] vscode.json-language-features - Code actions of kind 'quickfix' requested but returned code action is of kind 'source.sort.json'. Code action will be dropped. Please check 'CodeActionContext.only' to only return requested code actions.
2025-04-15 12:11:48.599 [warning] vscode.json-language-features - Code actions of kind 'quickfix' requested but returned code action is of kind 'source.sort.json'. Code action will be dropped. Please check 'CodeActionContext.only' to only return requested code actions.
2025-04-15 12:11:49.112 [warning] vscode.json-language-features - Code actions of kind 'quickfix' requested but returned code action is of kind 'source.sort.json'. Code action will be dropped. Please check 'CodeActionContext.only' to only return requested code actions.
2025-04-15 12:11:49.112 [warning] vscode.json-language-features - Code actions of kind 'quickfix' requested but returned code action is of kind 'source.sort.json'. Code action will be dropped. Please check 'CodeActionContext.only' to only return requested code actions.
2025-04-15 12:11:49.113 [warning] vscode.json-language-features - Code actions of kind 'quickfix' requested but returned code action is of kind 'source.sort.json'. Code action will be dropped. Please check 'CodeActionContext.only' to only return requested code actions.
2025-04-15 12:11:49.114 [warning] vscode.json-language-features - Code actions of kind 'quickfix' requested but returned code action is of kind 'source.sort.json'. Code action will be dropped. Please check 'CodeActionContext.only' to only return requested code actions.
2025-04-15 12:11:49.115 [warning] vscode.json-language-features - Code actions of kind 'quickfix' requested but returned code action is of kind 'source.sort.json'. Code action will be dropped. Please check 'CodeActionContext.only' to only return requested code actions.
2025-04-15 12:11:49.115 [warning] vscode.json-language-features - Code actions of kind 'quickfix' requested but returned code action is of kind 'source.sort.json'. Code action will be dropped. Please check 'CodeActionContext.only' to only return requested code actions.
2025-04-15 12:11:49.116 [warning] vscode.json-language-features - Code actions of kind 'quickfix' requested but returned code action is of kind 'source.sort.json'. Code action will be dropped. Please check 'CodeActionContext.only' to only return requested code actions.
2025-04-15 12:11:49.116 [warning] vscode.json-language-features - Code actions of kind 'quickfix' requested but returned code action is of kind 'source.sort.json'. Code action will be dropped. Please check 'CodeActionContext.only' to only return requested code actions.
2025-04-15 12:11:49.953 [warning] vscode.json-language-features - Code actions of kind 'quickfix' requested but returned code action is of kind 'source.sort.json'. Code action will be dropped. Please check 'CodeActionContext.only' to only return requested code actions.
2025-04-15 12:11:49.954 [warning] vscode.json-language-features - Code actions of kind 'quickfix' requested but returned code action is of kind 'source.sort.json'. Code action will be dropped. Please check 'CodeActionContext.only' to only return requested code actions.
2025-04-15 12:11:49.955 [warning] vscode.json-language-features - Code actions of kind 'quickfix' requested but returned code action is of kind 'source.sort.json'. Code action will be dropped. Please check 'CodeActionContext.only' to only return requested code actions.
2025-04-15 12:11:49.956 [warning] vscode.json-language-features - Code actions of kind 'quickfix' requested but returned code action is of kind 'source.sort.json'. Code action will be dropped. Please check 'CodeActionContext.only' to only return requested code actions.
2025-04-15 12:11:49.957 [warning] vscode.json-language-features - Code actions of kind 'quickfix' requested but returned code action is of kind 'source.sort.json'. Code action will be dropped. Please check 'CodeActionContext.only' to only return requested code actions.
2025-04-15 12:11:49.958 [warning] vscode.json-language-features - Code actions of kind 'quickfix' requested but returned code action is of kind 'source.sort.json'. Code action will be dropped. Please check 'CodeActionContext.only' to only return requested code actions.
2025-04-15 12:11:49.958 [warning] vscode.json-language-features - Code actions of kind 'quickfix' requested but returned code action is of kind 'source.sort.json'. Code action will be dropped. Please check 'CodeActionContext.only' to only return requested code actions.
2025-04-15 12:11:49.959 [warning] vscode.json-language-features - Code actions of kind 'quickfix' requested but returned code action is of kind 'source.sort.json'. Code action will be dropped. Please check 'CodeActionContext.only' to only return requested code actions.
2025-04-15 12:11:52.876 [info] ExtensionService#_doActivateExtension golang.go, startup: false, activationEvent: 'onLanguage:go'
2025-04-15 12:14:28.099 [warning] vscode.json-language-features - Code actions of kind 'quickfix' requested but returned code action is of kind 'source.sort.json'. Code action will be dropped. Please check 'CodeActionContext.only' to only return requested code actions.
2025-04-15 12:14:28.101 [warning] vscode.json-language-features - Code actions of kind 'quickfix' requested but returned code action is of kind 'source.sort.json'. Code action will be dropped. Please check 'CodeActionContext.only' to only return requested code actions.
2025-04-15 12:14:28.101 [warning] vscode.json-language-features - Code actions of kind 'quickfix' requested but returned code action is of kind 'source.sort.json'. Code action will be dropped. Please check 'CodeActionContext.only' to only return requested code actions.
2025-04-15 12:14:28.102 [warning] vscode.json-language-features - Code actions of kind 'quickfix' requested but returned code action is of kind 'source.sort.json'. Code action will be dropped. Please check 'CodeActionContext.only' to only return requested code actions.
2025-04-15 12:14:28.103 [warning] vscode.json-language-features - Code actions of kind 'quickfix' requested but returned code action is of kind 'source.sort.json'. Code action will be dropped. Please check 'CodeActionContext.only' to only return requested code actions.
2025-04-15 12:14:28.104 [warning] vscode.json-language-features - Code actions of kind 'quickfix' requested but returned code action is of kind 'source.sort.json'. Code action will be dropped. Please check 'CodeActionContext.only' to only return requested code actions.
2025-04-15 12:14:28.104 [warning] vscode.json-language-features - Code actions of kind 'quickfix' requested but returned code action is of kind 'source.sort.json'. Code action will be dropped. Please check 'CodeActionContext.only' to only return requested code actions.
2025-04-15 12:14:28.105 [warning] vscode.json-language-features - Code actions of kind 'quickfix' requested but returned code action is of kind 'source.sort.json'. Code action will be dropped. Please check 'CodeActionContext.only' to only return requested code actions.
2025-04-15 12:14:34.540 [warning] vscode.json-language-features - Code actions of kind 'quickfix' requested but returned code action is of kind 'source.sort.json'. Code action will be dropped. Please check 'CodeActionContext.only' to only return requested code actions.
2025-04-15 12:14:34.542 [warning] vscode.json-language-features - Code actions of kind 'quickfix' requested but returned code action is of kind 'source.sort.json'. Code action will be dropped. Please check 'CodeActionContext.only' to only return requested code actions.
2025-04-15 12:14:34.543 [warning] vscode.json-language-features - Code actions of kind 'quickfix' requested but returned code action is of kind 'source.sort.json'. Code action will be dropped. Please check 'CodeActionContext.only' to only return requested code actions.
2025-04-15 12:14:34.545 [warning] vscode.json-language-features - Code actions of kind 'quickfix' requested but returned code action is of kind 'source.sort.json'. Code action will be dropped. Please check 'CodeActionContext.only' to only return requested code actions.
2025-04-15 12:14:34.546 [warning] vscode.json-language-features - Code actions of kind 'quickfix' requested but returned code action is of kind 'source.sort.json'. Code action will be dropped. Please check 'CodeActionContext.only' to only return requested code actions.
2025-04-15 12:14:34.547 [warning] vscode.json-language-features - Code actions of kind 'quickfix' requested but returned code action is of kind 'source.sort.json'. Code action will be dropped. Please check 'CodeActionContext.only' to only return requested code actions.
2025-04-15 12:14:34.548 [warning] vscode.json-language-features - Code actions of kind 'quickfix' requested but returned code action is of kind 'source.sort.json'. Code action will be dropped. Please check 'CodeActionContext.only' to only return requested code actions.
2025-04-15 12:14:34.548 [warning] vscode.json-language-features - Code actions of kind 'quickfix' requested but returned code action is of kind 'source.sort.json'. Code action will be dropped. Please check 'CodeActionContext.only' to only return requested code actions.
2025-04-15 12:14:35.241 [warning] vscode.json-language-features - Code actions of kind 'quickfix' requested but returned code action is of kind 'source.sort.json'. Code action will be dropped. Please check 'CodeActionContext.only' to only return requested code actions.
2025-04-15 12:14:35.241 [warning] vscode.json-language-features - Code actions of kind 'quickfix' requested but returned code action is of kind 'source.sort.json'. Code action will be dropped. Please check 'CodeActionContext.only' to only return requested code actions.
2025-04-15 12:14:35.242 [warning] vscode.json-language-features - Code actions of kind 'quickfix' requested but returned code action is of kind 'source.sort.json'. Code action will be dropped. Please check 'CodeActionContext.only' to only return requested code actions.
2025-04-15 12:14:35.242 [warning] vscode.json-language-features - Code actions of kind 'quickfix' requested but returned code action is of kind 'source.sort.json'. Code action will be dropped. Please check 'CodeActionContext.only' to only return requested code actions.
2025-04-15 12:14:35.242 [warning] vscode.json-language-features - Code actions of kind 'quickfix' requested but returned code action is of kind 'source.sort.json'. Code action will be dropped. Please check 'CodeActionContext.only' to only return requested code actions.
2025-04-15 12:14:35.243 [warning] vscode.json-language-features - Code actions of kind 'quickfix' requested but returned code action is of kind 'source.sort.json'. Code action will be dropped. Please check 'CodeActionContext.only' to only return requested code actions.
2025-04-15 12:14:35.243 [warning] vscode.json-language-features - Code actions of kind 'quickfix' requested but returned code action is of kind 'source.sort.json'. Code action will be dropped. Please check 'CodeActionContext.only' to only return requested code actions.
2025-04-15 12:14:35.243 [warning] vscode.json-language-features - Code actions of kind 'quickfix' requested but returned code action is of kind 'source.sort.json'. Code action will be dropped. Please check 'CodeActionContext.only' to only return requested code actions.
2025-04-15 12:14:35.244 [warning] vscode.json-language-features - Code actions of kind 'quickfix' requested but returned code action is of kind 'source.sort.json'. Code action will be dropped. Please check 'CodeActionContext.only' to only return requested code actions.
2025-04-15 12:14:35.244 [warning] vscode.json-language-features - Code actions of kind 'quickfix' requested but returned code action is of kind 'source.sort.json'. Code action will be dropped. Please check 'CodeActionContext.only' to only return requested code actions.
2025-04-15 12:14:35.245 [warning] vscode.json-language-features - Code actions of kind 'quickfix' requested but returned code action is of kind 'source.sort.json'. Code action will be dropped. Please check 'CodeActionContext.only' to only return requested code actions.
2025-04-15 12:14:35.245 [warning] vscode.json-language-features - Code actions of kind 'quickfix' requested but returned code action is of kind 'source.sort.json'. Code action will be dropped. Please check 'CodeActionContext.only' to only return requested code actions.
2025-04-15 12:14:35.245 [warning] vscode.json-language-features - Code actions of kind 'quickfix' requested but returned code action is of kind 'source.sort.json'. Code action will be dropped. Please check 'CodeActionContext.only' to only return requested code actions.
2025-04-15 12:14:35.245 [warning] vscode.json-language-features - Code actions of kind 'quickfix' requested but returned code action is of kind 'source.sort.json'. Code action will be dropped. Please check 'CodeActionContext.only' to only return requested code actions.
2025-04-15 12:14:35.246 [warning] vscode.json-language-features - Code actions of kind 'quickfix' requested but returned code action is of kind 'source.sort.json'. Code action will be dropped. Please check 'CodeActionContext.only' to only return requested code actions.
2025-04-15 12:14:35.246 [warning] vscode.json-language-features - Code actions of kind 'quickfix' requested but returned code action is of kind 'source.sort.json'. Code action will be dropped. Please check 'CodeActionContext.only' to only return requested code actions.
2025-04-15 12:14:35.247 [warning] vscode.json-language-features - Code actions of kind 'quickfix' requested but returned code action is of kind 'source.sort.json'. Code action will be dropped. Please check 'CodeActionContext.only' to only return requested code actions.
2025-04-15 12:14:35.247 [warning] vscode.json-language-features - Code actions of kind 'quickfix' requested but returned code action is of kind 'source.sort.json'. Code action will be dropped. Please check 'CodeActionContext.only' to only return requested code actions.
2025-04-15 12:14:35.247 [warning] vscode.json-language-features - Code actions of kind 'quickfix' requested but returned code action is of kind 'source.sort.json'. Code action will be dropped. Please check 'CodeActionContext.only' to only return requested code actions.
2025-04-15 12:14:35.247 [warning] vscode.json-language-features - Code actions of kind 'quickfix' requested but returned code action is of kind 'source.sort.json'. Code action will be dropped. Please check 'CodeActionContext.only' to only return requested code actions.
2025-04-15 12:14:37.587 [warning] vscode.json-language-features - Code actions of kind 'quickfix' requested but returned code action is of kind 'source.sort.json'. Code action will be dropped. Please check 'CodeActionContext.only' to only return requested code actions.
2025-04-15 12:14:37.588 [warning] vscode.json-language-features - Code actions of kind 'quickfix' requested but returned code action is of kind 'source.sort.json'. Code action will be dropped. Please check 'CodeActionContext.only' to only return requested code actions.
2025-04-15 12:14:37.589 [warning] vscode.json-language-features - Code actions of kind 'quickfix' requested but returned code action is of kind 'source.sort.json'. Code action will be dropped. Please check 'CodeActionContext.only' to only return requested code actions.
2025-04-15 12:14:37.592 [warning] vscode.json-language-features - Code actions of kind 'quickfix' requested but returned code action is of kind 'source.sort.json'. Code action will be dropped. Please check 'CodeActionContext.only' to only return requested code actions.
2025-04-15 12:14:37.593 [warning] vscode.json-language-features - Code actions of kind 'quickfix' requested but returned code action is of kind 'source.sort.json'. Code action will be dropped. Please check 'CodeActionContext.only' to only return requested code actions.
2025-04-15 12:14:37.594 [warning] vscode.json-language-features - Code actions of kind 'quickfix' requested but returned code action is of kind 'source.sort.json'. Code action will be dropped. Please check 'CodeActionContext.only' to only return requested code actions.
2025-04-15 12:14:37.595 [warning] vscode.json-language-features - Code actions of kind 'quickfix' requested but returned code action is of kind 'source.sort.json'. Code action will be dropped. Please check 'CodeActionContext.only' to only return requested code actions.
2025-04-15 12:14:37.595 [warning] vscode.json-language-features - Code actions of kind 'quickfix' requested but returned code action is of kind 'source.sort.json'. Code action will be dropped. Please check 'CodeActionContext.only' to only return requested code actions.
2025-04-15 12:14:37.596 [warning] vscode.json-language-features - Code actions of kind 'quickfix' requested but returned code action is of kind 'source.sort.json'. Code action will be dropped. Please check 'CodeActionContext.only' to only return requested code actions.
2025-04-15 12:14:38.316 [warning] vscode.json-language-features - Code actions of kind 'quickfix' requested but returned code action is of kind 'source.sort.json'. Code action will be dropped. Please check 'CodeActionContext.only' to only return requested code actions.
2025-04-15 12:14:38.317 [warning] vscode.json-language-features - Code actions of kind 'quickfix' requested but returned code action is of kind 'source.sort.json'. Code action will be dropped. Please check 'CodeActionContext.only' to only return requested code actions.
2025-04-15 12:14:38.318 [warning] vscode.json-language-features - Code actions of kind 'quickfix' requested but returned code action is of kind 'source.sort.json'. Code action will be dropped. Please check 'CodeActionContext.only' to only return requested code actions.
2025-04-15 12:14:38.318 [warning] vscode.json-language-features - Code actions of kind 'quickfix' requested but returned code action is of kind 'source.sort.json'. Code action will be dropped. Please check 'CodeActionContext.only' to only return requested code actions.
2025-04-15 12:14:38.319 [warning] vscode.json-language-features - Code actions of kind 'quickfix' requested but returned code action is of kind 'source.sort.json'. Code action will be dropped. Please check 'CodeActionContext.only' to only return requested code actions.
2025-04-15 12:14:38.319 [warning] vscode.json-language-features - Code actions of kind 'quickfix' requested but returned code action is of kind 'source.sort.json'. Code action will be dropped. Please check 'CodeActionContext.only' to only return requested code actions.
2025-04-15 12:14:38.320 [warning] vscode.json-language-features - Code actions of kind 'quickfix' requested but returned code action is of kind 'source.sort.json'. Code action will be dropped. Please check 'CodeActionContext.only' to only return requested code actions.
2025-04-15 12:14:38.320 [warning] vscode.json-language-features - Code actions of kind 'quickfix' requested but returned code action is of kind 'source.sort.json'. Code action will be dropped. Please check 'CodeActionContext.only' to only return requested code actions.
2025-04-15 12:14:38.321 [warning] vscode.json-language-features - Code actions of kind 'quickfix' requested but returned code action is of kind 'source.sort.json'. Code action will be dropped. Please check 'CodeActionContext.only' to only return requested code actions.
2025-04-15 12:14:41.164 [warning] vscode.json-language-features - Code actions of kind 'quickfix' requested but returned code action is of kind 'source.sort.json'. Code action will be dropped. Please check 'CodeActionContext.only' to only return requested code actions.
2025-04-15 12:15:09.413 [warning] vscode.json-language-features - Code actions of kind 'quickfix' requested but returned code action is of kind 'source.sort.json'. Code action will be dropped. Please check 'CodeActionContext.only' to only return requested code actions.
2025-04-15 12:15:09.415 [warning] vscode.json-language-features - Code actions of kind 'quickfix' requested but returned code action is of kind 'source.sort.json'. Code action will be dropped. Please check 'CodeActionContext.only' to only return requested code actions.
2025-04-15 12:15:09.416 [warning] vscode.json-language-features - Code actions of kind 'quickfix' requested but returned code action is of kind 'source.sort.json'. Code action will be dropped. Please check 'CodeActionContext.only' to only return requested code actions.
2025-04-15 12:15:09.417 [warning] vscode.json-language-features - Code actions of kind 'quickfix' requested but returned code action is of kind 'source.sort.json'. Code action will be dropped. Please check 'CodeActionContext.only' to only return requested code actions.
2025-04-15 12:15:09.417 [warning] vscode.json-language-features - Code actions of kind 'quickfix' requested but returned code action is of kind 'source.sort.json'. Code action will be dropped. Please check 'CodeActionContext.only' to only return requested code actions.
2025-04-15 12:15:09.418 [warning] vscode.json-language-features - Code actions of kind 'quickfix' requested but returned code action is of kind 'source.sort.json'. Code action will be dropped. Please check 'CodeActionContext.only' to only return requested code actions.
2025-04-15 12:15:09.419 [warning] vscode.json-language-features - Code actions of kind 'quickfix' requested but returned code action is of kind 'source.sort.json'. Code action will be dropped. Please check 'CodeActionContext.only' to only return requested code actions.
2025-04-15 12:15:09.419 [warning] vscode.json-language-features - Code actions of kind 'quickfix' requested but returned code action is of kind 'source.sort.json'. Code action will be dropped. Please check 'CodeActionContext.only' to only return requested code actions.
2025-04-15 12:15:09.420 [warning] vscode.json-language-features - Code actions of kind 'quickfix' requested but returned code action is of kind 'source.sort.json'. Code action will be dropped. Please check 'CodeActionContext.only' to only return requested code actions.
2025-04-15 12:15:10.157 [warning] vscode.json-language-features - Code actions of kind 'quickfix' requested but returned code action is of kind 'source.sort.json'. Code action will be dropped. Please check 'CodeActionContext.only' to only return requested code actions.
2025-04-15 12:15:10.157 [warning] vscode.json-language-features - Code actions of kind 'quickfix' requested but returned code action is of kind 'source.sort.json'. Code action will be dropped. Please check 'CodeActionContext.only' to only return requested code actions.
2025-04-15 12:15:10.158 [warning] vscode.json-language-features - Code actions of kind 'quickfix' requested but returned code action is of kind 'source.sort.json'. Code action will be dropped. Please check 'CodeActionContext.only' to only return requested code actions.
2025-04-15 12:15:10.159 [warning] vscode.json-language-features - Code actions of kind 'quickfix' requested but returned code action is of kind 'source.sort.json'. Code action will be dropped. Please check 'CodeActionContext.only' to only return requested code actions.
2025-04-15 12:15:10.160 [warning] vscode.json-language-features - Code actions of kind 'quickfix' requested but returned code action is of kind 'source.sort.json'. Code action will be dropped. Please check 'CodeActionContext.only' to only return requested code actions.
2025-04-15 12:15:10.160 [warning] vscode.json-language-features - Code actions of kind 'quickfix' requested but returned code action is of kind 'source.sort.json'. Code action will be dropped. Please check 'CodeActionContext.only' to only return requested code actions.
2025-04-15 12:15:10.161 [warning] vscode.json-language-features - Code actions of kind 'quickfix' requested but returned code action is of kind 'source.sort.json'. Code action will be dropped. Please check 'CodeActionContext.only' to only return requested code actions.
2025-04-15 12:15:10.162 [warning] vscode.json-language-features - Code actions of kind 'quickfix' requested but returned code action is of kind 'source.sort.json'. Code action will be dropped. Please check 'CodeActionContext.only' to only return requested code actions.
2025-04-15 12:15:10.163 [warning] vscode.json-language-features - Code actions of kind 'quickfix' requested but returned code action is of kind 'source.sort.json'. Code action will be dropped. Please check 'CodeActionContext.only' to only return requested code actions.
2025-04-15 12:15:13.030 [warning] vscode.json-language-features - Code actions of kind 'quickfix' requested but returned code action is of kind 'source.sort.json'. Code action will be dropped. Please check 'CodeActionContext.only' to only return requested code actions.
2025-04-15 12:15:13.031 [warning] vscode.json-language-features - Code actions of kind 'quickfix' requested but returned code action is of kind 'source.sort.json'. Code action will be dropped. Please check 'CodeActionContext.only' to only return requested code actions.
2025-04-15 12:15:13.032 [warning] vscode.json-language-features - Code actions of kind 'quickfix' requested but returned code action is of kind 'source.sort.json'. Code action will be dropped. Please check 'CodeActionContext.only' to only return requested code actions.
2025-04-15 12:15:13.033 [warning] vscode.json-language-features - Code actions of kind 'quickfix' requested but returned code action is of kind 'source.sort.json'. Code action will be dropped. Please check 'CodeActionContext.only' to only return requested code actions.
2025-04-15 12:15:13.034 [warning] vscode.json-language-features - Code actions of kind 'quickfix' requested but returned code action is of kind 'source.sort.json'. Code action will be dropped. Please check 'CodeActionContext.only' to only return requested code actions.
2025-04-15 12:15:13.034 [warning] vscode.json-language-features - Code actions of kind 'quickfix' requested but returned code action is of kind 'source.sort.json'. Code action will be dropped. Please check 'CodeActionContext.only' to only return requested code actions.
2025-04-15 12:15:13.035 [warning] vscode.json-language-features - Code actions of kind 'quickfix' requested but returned code action is of kind 'source.sort.json'. Code action will be dropped. Please check 'CodeActionContext.only' to only return requested code actions.
2025-04-15 12:15:13.036 [warning] vscode.json-language-features - Code actions of kind 'quickfix' requested but returned code action is of kind 'source.sort.json'. Code action will be dropped. Please check 'CodeActionContext.only' to only return requested code actions.
2025-04-15 12:15:13.036 [warning] vscode.json-language-features - Code actions of kind 'quickfix' requested but returned code action is of kind 'source.sort.json'. Code action will be dropped. Please check 'CodeActionContext.only' to only return requested code actions.
2025-04-15 12:15:13.037 [warning] vscode.json-language-features - Code actions of kind 'quickfix' requested but returned code action is of kind 'source.sort.json'. Code action will be dropped. Please check 'CodeActionContext.only' to only return requested code actions.
2025-04-15 12:15:13.038 [warning] vscode.json-language-features - Code actions of kind 'quickfix' requested but returned code action is of kind 'source.sort.json'. Code action will be dropped. Please check 'CodeActionContext.only' to only return requested code actions.
2025-04-15 12:15:13.038 [warning] vscode.json-language-features - Code actions of kind 'quickfix' requested but returned code action is of kind 'source.sort.json'. Code action will be dropped. Please check 'CodeActionContext.only' to only return requested code actions.
2025-04-15 12:15:13.039 [warning] vscode.json-language-features - Code actions of kind 'quickfix' requested but returned code action is of kind 'source.sort.json'. Code action will be dropped. Please check 'CodeActionContext.only' to only return requested code actions.
2025-04-15 12:15:13.040 [warning] vscode.json-language-features - Code actions of kind 'quickfix' requested but returned code action is of kind 'source.sort.json'. Code action will be dropped. Please check 'CodeActionContext.only' to only return requested code actions.
2025-04-15 12:15:13.041 [warning] vscode.json-language-features - Code actions of kind 'quickfix' requested but returned code action is of kind 'source.sort.json'. Code action will be dropped. Please check 'CodeActionContext.only' to only return requested code actions.
2025-04-15 12:15:13.041 [warning] vscode.json-language-features - Code actions of kind 'quickfix' requested but returned code action is of kind 'source.sort.json'. Code action will be dropped. Please check 'CodeActionContext.only' to only return requested code actions.
2025-04-15 12:15:13.042 [warning] vscode.json-language-features - Code actions of kind 'quickfix' requested but returned code action is of kind 'source.sort.json'. Code action will be dropped. Please check 'CodeActionContext.only' to only return requested code actions.
2025-04-15 12:15:13.042 [warning] vscode.json-language-features - Code actions of kind 'quickfix' requested but returned code action is of kind 'source.sort.json'. Code action will be dropped. Please check 'CodeActionContext.only' to only return requested code actions.
2025-04-15 12:15:14.882 [warning] vscode.json-language-features - Code actions of kind 'quickfix' requested but returned code action is of kind 'source.sort.json'. Code action will be dropped. Please check 'CodeActionContext.only' to only return requested code actions.
2025-04-15 12:15:14.884 [warning] vscode.json-language-features - Code actions of kind 'quickfix' requested but returned code action is of kind 'source.sort.json'. Code action will be dropped. Please check 'CodeActionContext.only' to only return requested code actions.
2025-04-15 12:15:14.885 [warning] vscode.json-language-features - Code actions of kind 'quickfix' requested but returned code action is of kind 'source.sort.json'. Code action will be dropped. Please check 'CodeActionContext.only' to only return requested code actions.
2025-04-15 12:15:14.886 [warning] vscode.json-language-features - Code actions of kind 'quickfix' requested but returned code action is of kind 'source.sort.json'. Code action will be dropped. Please check 'CodeActionContext.only' to only return requested code actions.
2025-04-15 12:15:14.887 [warning] vscode.json-language-features - Code actions of kind 'quickfix' requested but returned code action is of kind 'source.sort.json'. Code action will be dropped. Please check 'CodeActionContext.only' to only return requested code actions.
2025-04-15 12:15:14.888 [warning] vscode.json-language-features - Code actions of kind 'quickfix' requested but returned code action is of kind 'source.sort.json'. Code action will be dropped. Please check 'CodeActionContext.only' to only return requested code actions.
2025-04-15 12:15:14.888 [warning] vscode.json-language-features - Code actions of kind 'quickfix' requested but returned code action is of kind 'source.sort.json'. Code action will be dropped. Please check 'CodeActionContext.only' to only return requested code actions.
2025-04-15 12:15:14.889 [warning] vscode.json-language-features - Code actions of kind 'quickfix' requested but returned code action is of kind 'source.sort.json'. Code action will be dropped. Please check 'CodeActionContext.only' to only return requested code actions.
2025-04-15 12:15:15.257 [warning] vscode.json-language-features - Code actions of kind 'quickfix' requested but returned code action is of kind 'source.sort.json'. Code action will be dropped. Please check 'CodeActionContext.only' to only return requested code actions.
2025-04-15 12:15:15.257 [warning] vscode.json-language-features - Code actions of kind 'quickfix' requested but returned code action is of kind 'source.sort.json'. Code action will be dropped. Please check 'CodeActionContext.only' to only return requested code actions.
2025-04-15 12:15:15.258 [warning] vscode.json-language-features - Code actions of kind 'quickfix' requested but returned code action is of kind 'source.sort.json'. Code action will be dropped. Please check 'CodeActionContext.only' to only return requested code actions.
2025-04-15 12:15:15.258 [warning] vscode.json-language-features - Code actions of kind 'quickfix' requested but returned code action is of kind 'source.sort.json'. Code action will be dropped. Please check 'CodeActionContext.only' to only return requested code actions.
2025-04-15 12:15:15.258 [warning] vscode.json-language-features - Code actions of kind 'quickfix' requested but returned code action is of kind 'source.sort.json'. Code action will be dropped. Please check 'CodeActionContext.only' to only return requested code actions.
2025-04-15 12:15:15.259 [warning] vscode.json-language-features - Code actions of kind 'quickfix' requested but returned code action is of kind 'source.sort.json'. Code action will be dropped. Please check 'CodeActionContext.only' to only return requested code actions.
2025-04-15 12:15:15.259 [warning] vscode.json-language-features - Code actions of kind 'quickfix' requested but returned code action is of kind 'source.sort.json'. Code action will be dropped. Please check 'CodeActionContext.only' to only return requested code actions.
2025-04-15 12:15:15.260 [warning] vscode.json-language-features - Code actions of kind 'quickfix' requested but returned code action is of kind 'source.sort.json'. Code action will be dropped. Please check 'CodeActionContext.only' to only return requested code actions.
2025-04-15 12:15:15.260 [warning] vscode.json-language-features - Code actions of kind 'quickfix' requested but returned code action is of kind 'source.sort.json'. Code action will be dropped. Please check 'CodeActionContext.only' to only return requested code actions.
2025-04-15 12:15:15.261 [warning] vscode.json-language-features - Code actions of kind 'quickfix' requested but returned code action is of kind 'source.sort.json'. Code action will be dropped. Please check 'CodeActionContext.only' to only return requested code actions.
2025-04-15 12:15:15.261 [warning] vscode.json-language-features - Code actions of kind 'quickfix' requested but returned code action is of kind 'source.sort.json'. Code action will be dropped. Please check 'CodeActionContext.only' to only return requested code actions.
2025-04-15 12:15:15.261 [warning] vscode.json-language-features - Code actions of kind 'quickfix' requested but returned code action is of kind 'source.sort.json'. Code action will be dropped. Please check 'CodeActionContext.only' to only return requested code actions.
2025-04-15 12:15:15.261 [warning] vscode.json-language-features - Code actions of kind 'quickfix' requested but returned code action is of kind 'source.sort.json'. Code action will be dropped. Please check 'CodeActionContext.only' to only return requested code actions.
2025-04-15 12:15:15.262 [warning] vscode.json-language-features - Code actions of kind 'quickfix' requested but returned code action is of kind 'source.sort.json'. Code action will be dropped. Please check 'CodeActionContext.only' to only return requested code actions.
2025-04-15 12:15:15.262 [warning] vscode.json-language-features - Code actions of kind 'quickfix' requested but returned code action is of kind 'source.sort.json'. Code action will be dropped. Please check 'CodeActionContext.only' to only return requested code actions.
2025-04-15 12:15:15.262 [warning] vscode.json-language-features - Code actions of kind 'quickfix' requested but returned code action is of kind 'source.sort.json'. Code action will be dropped. Please check 'CodeActionContext.only' to only return requested code actions.
2025-04-15 12:15:16.098 [warning] vscode.json-language-features - Code actions of kind 'quickfix' requested but returned code action is of kind 'source.sort.json'. Code action will be dropped. Please check 'CodeActionContext.only' to only return requested code actions.
2025-04-15 12:15:16.099 [warning] vscode.json-language-features - Code actions of kind 'quickfix' requested but returned code action is of kind 'source.sort.json'. Code action will be dropped. Please check 'CodeActionContext.only' to only return requested code actions.
2025-04-15 12:15:16.100 [warning] vscode.json-language-features - Code actions of kind 'quickfix' requested but returned code action is of kind 'source.sort.json'. Code action will be dropped. Please check 'CodeActionContext.only' to only return requested code actions.
2025-04-15 12:15:16.101 [warning] vscode.json-language-features - Code actions of kind 'quickfix' requested but returned code action is of kind 'source.sort.json'. Code action will be dropped. Please check 'CodeActionContext.only' to only return requested code actions.
2025-04-15 12:15:16.101 [warning] vscode.json-language-features - Code actions of kind 'quickfix' requested but returned code action is of kind 'source.sort.json'. Code action will be dropped. Please check 'CodeActionContext.only' to only return requested code actions.
2025-04-15 12:15:16.102 [warning] vscode.json-language-features - Code actions of kind 'quickfix' requested but returned code action is of kind 'source.sort.json'. Code action will be dropped. Please check 'CodeActionContext.only' to only return requested code actions.
2025-04-15 12:15:16.103 [warning] vscode.json-language-features - Code actions of kind 'quickfix' requested but returned code action is of kind 'source.sort.json'. Code action will be dropped. Please check 'CodeActionContext.only' to only return requested code actions.
2025-04-15 12:15:16.103 [warning] vscode.json-language-features - Code actions of kind 'quickfix' requested but returned code action is of kind 'source.sort.json'. Code action will be dropped. Please check 'CodeActionContext.only' to only return requested code actions.
2025-04-15 12:19:34.985 [info] ExtensionService#_doActivateExtension vscode.npm, startup: false, activationEvent: 'onTerminalQuickFixRequest:ms-vscode.npm-command'
2025-04-15 12:35:39.503 [info] Extension host terminating: renderer closed the MessagePort
2025-04-15 12:35:39.535 [error] An error occurred when disposing the subscriptions for extension 'eamodio.gitlens':
2025-04-15 12:35:39.542 [error] TypeError: Cannot read properties of undefined (reading 'dispose')
    at Object.dispose (file:///usr/share/windsurf/resources/app/out/vs/workbench/api/node/extensionHostProcess.js:136:121769)
    at x_.<anonymous> (file:///usr/share/windsurf/resources/app/out/vs/workbench/api/node/extensionHostProcess.js:106:20087)
    at x_.dispose (file:///usr/share/windsurf/resources/app/out/vs/workbench/api/node/extensionHostProcess.js:106:20183)
    at Object.dispose (/home/pracker/.windsurf/extensions/eamodio.gitlens-17.0.2-universal/dist/gitlens.js:30:24001)
    at /home/pracker/.windsurf/extensions/eamodio.gitlens-17.0.2-universal/dist/gitlens.js:301:15285
    at Array.forEach (<anonymous>)
    at Object.dispose (/home/pracker/.windsurf/extensions/eamodio.gitlens-17.0.2-universal/dist/gitlens.js:301:15267)
    at Cs (file:///usr/share/windsurf/resources/app/out/vs/workbench/api/node/extensionHostProcess.js:25:701)
    at file:///usr/share/windsurf/resources/app/out/vs/workbench/api/node/extensionHostProcess.js:117:15142
    at file:///usr/share/windsurf/resources/app/out/vs/workbench/api/node/extensionHostProcess.js:25:1011
    at Object.dispose (file:///usr/share/windsurf/resources/app/out/vs/workbench/api/node/extensionHostProcess.js:8:705)
    at dK.eb (file:///usr/share/windsurf/resources/app/out/vs/workbench/api/node/extensionHostProcess.js:117:12069)
    at file:///usr/share/windsurf/resources/app/out/vs/workbench/api/node/extensionHostProcess.js:117:10024
    at Array.map (<anonymous>)
    at dK.$ (file:///usr/share/windsurf/resources/app/out/vs/workbench/api/node/extensionHostProcess.js:117:10012)
    at dK.terminate (file:///usr/share/windsurf/resources/app/out/vs/workbench/api/node/extensionHostProcess.js:117:10255)
    at C7.terminate (file:///usr/share/windsurf/resources/app/out/vs/workbench/api/node/extensionHostProcess.js:118:1434)
    at vn (file:///usr/share/windsurf/resources/app/out/vs/workbench/api/node/extensionHostProcess.js:191:15116)
    at MessagePortMain.<anonymous> (file:///usr/share/windsurf/resources/app/out/vs/workbench/api/node/extensionHostProcess.js:191:11656)
    at MessagePortMain.emit (node:events:518:28)
    at MessagePortMain.emit (node:domain:489:12)
    at Object.MessagePortMain._internalPort.emit (node:electron/js2c/utility_init:2:2949)
2025-04-15 12:35:39.546 [error] An error occurred when disposing the subscriptions for extension 'Gruntfuggly.todo-tree':
2025-04-15 12:35:39.547 [error] AggregateError: Encountered errors while disposing of store
    at Cs (file:///usr/share/windsurf/resources/app/out/vs/workbench/api/node/extensionHostProcess.js:25:777)
    at file:///usr/share/windsurf/resources/app/out/vs/workbench/api/node/extensionHostProcess.js:117:15142
    at file:///usr/share/windsurf/resources/app/out/vs/workbench/api/node/extensionHostProcess.js:25:1011
    at Object.dispose (file:///usr/share/windsurf/resources/app/out/vs/workbench/api/node/extensionHostProcess.js:8:705)
    at dK.eb (file:///usr/share/windsurf/resources/app/out/vs/workbench/api/node/extensionHostProcess.js:117:12069)
    at file:///usr/share/windsurf/resources/app/out/vs/workbench/api/node/extensionHostProcess.js:117:10024
    at Array.map (<anonymous>)
    at dK.$ (file:///usr/share/windsurf/resources/app/out/vs/workbench/api/node/extensionHostProcess.js:117:10012)
    at dK.terminate (file:///usr/share/windsurf/resources/app/out/vs/workbench/api/node/extensionHostProcess.js:117:10255)
    at C7.terminate (file:///usr/share/windsurf/resources/app/out/vs/workbench/api/node/extensionHostProcess.js:118:1434)
    at vn (file:///usr/share/windsurf/resources/app/out/vs/workbench/api/node/extensionHostProcess.js:191:15116)
    at MessagePortMain.<anonymous> (file:///usr/share/windsurf/resources/app/out/vs/workbench/api/node/extensionHostProcess.js:191:11656)
    at MessagePortMain.emit (node:events:518:28)
    at MessagePortMain.emit (node:domain:489:12)
    at Object.MessagePortMain._internalPort.emit (node:electron/js2c/utility_init:2:2949)
2025-04-15 12:35:39.552 [error] Canceled: Canceled
    at new TF (file:///usr/share/windsurf/resources/app/out/vs/workbench/api/node/extensionHostProcess.js:29:111806)
    at Jy.U (file:///usr/share/windsurf/resources/app/out/vs/workbench/api/node/extensionHostProcess.js:29:116417)
    at Proxy.n.<computed>.r.charCodeAt.n.<computed> (file:///usr/share/windsurf/resources/app/out/vs/workbench/api/node/extensionHostProcess.js:29:113911)
    at GS.g (file:///usr/share/windsurf/resources/app/out/vs/workbench/api/node/extensionHostProcess.js:112:32228)
    at GS.executeCommand (file:///usr/share/windsurf/resources/app/out/vs/workbench/api/node/extensionHostProcess.js:112:31732)
    at i.registerCommand.description (file:///usr/share/windsurf/resources/app/out/vs/workbench/api/node/extensionHostProcess.js:112:31062)
    at GS.h (file:///usr/share/windsurf/resources/app/out/vs/workbench/api/node/extensionHostProcess.js:112:32748)
    at GS.g (file:///usr/share/windsurf/resources/app/out/vs/workbench/api/node/extensionHostProcess.js:112:31825)
    at GS.executeCommand (file:///usr/share/windsurf/resources/app/out/vs/workbench/api/node/extensionHostProcess.js:112:31732)
    at Object.executeCommand (file:///usr/share/windsurf/resources/app/out/vs/workbench/api/node/extensionHostProcess.js:173:46382)
    at w (/home/pracker/.windsurf/extensions/eamodio.gitlens-17.0.2-universal/dist/gitlens.js:365:3186)
    at c (/home/pracker/.windsurf/extensions/eamodio.gitlens-17.0.2-universal/dist/gitlens.js:1:64500)
    at ActionRunners._updateContextKeys (/home/pracker/.windsurf/extensions/eamodio.gitlens-17.0.2-universal/dist/gitlens.js:1495:30978)
    at s (/home/pracker/.windsurf/extensions/eamodio.gitlens-17.0.2-universal/dist/gitlens.js:1495:29422)
    at RegisteredActionRunner.unregister (/home/pracker/.windsurf/extensions/eamodio.gitlens-17.0.2-universal/dist/gitlens.js:1495:29565)
    at RegisteredActionRunner.dispose (/home/pracker/.windsurf/extensions/eamodio.gitlens-17.0.2-universal/dist/gitlens.js:1495:28225)
    at Object.dispose (/home/pracker/.windsurf/extensions/eamodio.gitlens-17.0.2-universal/dist/gitlens.js:1495:29659)
    at Cs (file:///usr/share/windsurf/resources/app/out/vs/workbench/api/node/extensionHostProcess.js:25:701)
    at file:///usr/share/windsurf/resources/app/out/vs/workbench/api/node/extensionHostProcess.js:117:15142
    at file:///usr/share/windsurf/resources/app/out/vs/workbench/api/node/extensionHostProcess.js:25:1011
    at Object.dispose (file:///usr/share/windsurf/resources/app/out/vs/workbench/api/node/extensionHostProcess.js:8:705)
    at dK.eb (file:///usr/share/windsurf/resources/app/out/vs/workbench/api/node/extensionHostProcess.js:117:12069)
    at file:///usr/share/windsurf/resources/app/out/vs/workbench/api/node/extensionHostProcess.js:117:10024
    at Array.map (<anonymous>)
    at dK.$ (file:///usr/share/windsurf/resources/app/out/vs/workbench/api/node/extensionHostProcess.js:117:10012)
    at dK.terminate (file:///usr/share/windsurf/resources/app/out/vs/workbench/api/node/extensionHostProcess.js:117:10255)
    at C7.terminate (file:///usr/share/windsurf/resources/app/out/vs/workbench/api/node/extensionHostProcess.js:118:1434)
    at vn (file:///usr/share/windsurf/resources/app/out/vs/workbench/api/node/extensionHostProcess.js:191:15116)
    at MessagePortMain.<anonymous> (file:///usr/share/windsurf/resources/app/out/vs/workbench/api/node/extensionHostProcess.js:191:11656)
    at MessagePortMain.emit (node:events:518:28)
    at MessagePortMain.emit (node:domain:489:12)
    at Object.MessagePortMain._internalPort.emit (node:electron/js2c/utility_init:2:2949) setContext undefined
2025-04-15 12:35:39.554 [error] Canceled: Canceled
    at new TF (file:///usr/share/windsurf/resources/app/out/vs/workbench/api/node/extensionHostProcess.js:29:111806)
    at Jy.U (file:///usr/share/windsurf/resources/app/out/vs/workbench/api/node/extensionHostProcess.js:29:116417)
    at Proxy.n.<computed>.r.charCodeAt.n.<computed> (file:///usr/share/windsurf/resources/app/out/vs/workbench/api/node/extensionHostProcess.js:29:113911)
    at GS.g (file:///usr/share/windsurf/resources/app/out/vs/workbench/api/node/extensionHostProcess.js:112:32228)
    at GS.executeCommand (file:///usr/share/windsurf/resources/app/out/vs/workbench/api/node/extensionHostProcess.js:112:31732)
    at i.registerCommand.description (file:///usr/share/windsurf/resources/app/out/vs/workbench/api/node/extensionHostProcess.js:112:31062)
    at GS.h (file:///usr/share/windsurf/resources/app/out/vs/workbench/api/node/extensionHostProcess.js:112:32748)
    at GS.g (file:///usr/share/windsurf/resources/app/out/vs/workbench/api/node/extensionHostProcess.js:112:31825)
    at GS.executeCommand (file:///usr/share/windsurf/resources/app/out/vs/workbench/api/node/extensionHostProcess.js:112:31732)
    at Object.executeCommand (file:///usr/share/windsurf/resources/app/out/vs/workbench/api/node/extensionHostProcess.js:173:46382)
    at w (/home/pracker/.windsurf/extensions/eamodio.gitlens-17.0.2-universal/dist/gitlens.js:365:3186)
    at c (/home/pracker/.windsurf/extensions/eamodio.gitlens-17.0.2-universal/dist/gitlens.js:1:64500)
    at ActionRunners._updateContextKeys (/home/pracker/.windsurf/extensions/eamodio.gitlens-17.0.2-universal/dist/gitlens.js:1495:30978)
    at s (/home/pracker/.windsurf/extensions/eamodio.gitlens-17.0.2-universal/dist/gitlens.js:1495:29422)
    at RegisteredActionRunner.unregister (/home/pracker/.windsurf/extensions/eamodio.gitlens-17.0.2-universal/dist/gitlens.js:1495:29565)
    at RegisteredActionRunner.dispose (/home/pracker/.windsurf/extensions/eamodio.gitlens-17.0.2-universal/dist/gitlens.js:1495:28225)
    at Object.dispose (/home/pracker/.windsurf/extensions/eamodio.gitlens-17.0.2-universal/dist/gitlens.js:1495:29659)
    at Cs (file:///usr/share/windsurf/resources/app/out/vs/workbench/api/node/extensionHostProcess.js:25:701)
    at file:///usr/share/windsurf/resources/app/out/vs/workbench/api/node/extensionHostProcess.js:117:15142
    at file:///usr/share/windsurf/resources/app/out/vs/workbench/api/node/extensionHostProcess.js:25:1011
    at Object.dispose (file:///usr/share/windsurf/resources/app/out/vs/workbench/api/node/extensionHostProcess.js:8:705)
    at dK.eb (file:///usr/share/windsurf/resources/app/out/vs/workbench/api/node/extensionHostProcess.js:117:12069)
    at file:///usr/share/windsurf/resources/app/out/vs/workbench/api/node/extensionHostProcess.js:117:10024
    at Array.map (<anonymous>)
    at dK.$ (file:///usr/share/windsurf/resources/app/out/vs/workbench/api/node/extensionHostProcess.js:117:10012)
    at dK.terminate (file:///usr/share/windsurf/resources/app/out/vs/workbench/api/node/extensionHostProcess.js:117:10255)
    at C7.terminate (file:///usr/share/windsurf/resources/app/out/vs/workbench/api/node/extensionHostProcess.js:118:1434)
    at vn (file:///usr/share/windsurf/resources/app/out/vs/workbench/api/node/extensionHostProcess.js:191:15116)
    at MessagePortMain.<anonymous> (file:///usr/share/windsurf/resources/app/out/vs/workbench/api/node/extensionHostProcess.js:191:11656)
    at MessagePortMain.emit (node:events:518:28)
    at MessagePortMain.emit (node:domain:489:12)
    at Object.MessagePortMain._internalPort.emit (node:electron/js2c/utility_init:2:2949) setContext undefined
2025-04-15 12:35:39.555 [error] Canceled: Canceled
    at new TF (file:///usr/share/windsurf/resources/app/out/vs/workbench/api/node/extensionHostProcess.js:29:111806)
    at Jy.U (file:///usr/share/windsurf/resources/app/out/vs/workbench/api/node/extensionHostProcess.js:29:116417)
    at Proxy.n.<computed>.r.charCodeAt.n.<computed> (file:///usr/share/windsurf/resources/app/out/vs/workbench/api/node/extensionHostProcess.js:29:113911)
    at GS.g (file:///usr/share/windsurf/resources/app/out/vs/workbench/api/node/extensionHostProcess.js:112:32228)
    at GS.executeCommand (file:///usr/share/windsurf/resources/app/out/vs/workbench/api/node/extensionHostProcess.js:112:31732)
    at i.registerCommand.description (file:///usr/share/windsurf/resources/app/out/vs/workbench/api/node/extensionHostProcess.js:112:31062)
    at GS.h (file:///usr/share/windsurf/resources/app/out/vs/workbench/api/node/extensionHostProcess.js:112:32748)
    at GS.g (file:///usr/share/windsurf/resources/app/out/vs/workbench/api/node/extensionHostProcess.js:112:31825)
    at GS.executeCommand (file:///usr/share/windsurf/resources/app/out/vs/workbench/api/node/extensionHostProcess.js:112:31732)
    at Object.executeCommand (file:///usr/share/windsurf/resources/app/out/vs/workbench/api/node/extensionHostProcess.js:173:46382)
    at w (/home/pracker/.windsurf/extensions/eamodio.gitlens-17.0.2-universal/dist/gitlens.js:365:3186)
    at c (/home/pracker/.windsurf/extensions/eamodio.gitlens-17.0.2-universal/dist/gitlens.js:1:64500)
    at ActionRunners._updateContextKeys (/home/pracker/.windsurf/extensions/eamodio.gitlens-17.0.2-universal/dist/gitlens.js:1495:30978)
    at s (/home/pracker/.windsurf/extensions/eamodio.gitlens-17.0.2-universal/dist/gitlens.js:1495:29422)
    at RegisteredActionRunner.unregister (/home/pracker/.windsurf/extensions/eamodio.gitlens-17.0.2-universal/dist/gitlens.js:1495:29565)
    at RegisteredActionRunner.dispose (/home/pracker/.windsurf/extensions/eamodio.gitlens-17.0.2-universal/dist/gitlens.js:1495:28225)
    at Object.dispose (/home/pracker/.windsurf/extensions/eamodio.gitlens-17.0.2-universal/dist/gitlens.js:1495:29659)
    at Cs (file:///usr/share/windsurf/resources/app/out/vs/workbench/api/node/extensionHostProcess.js:25:701)
    at file:///usr/share/windsurf/resources/app/out/vs/workbench/api/node/extensionHostProcess.js:117:15142
    at file:///usr/share/windsurf/resources/app/out/vs/workbench/api/node/extensionHostProcess.js:25:1011
    at Object.dispose (file:///usr/share/windsurf/resources/app/out/vs/workbench/api/node/extensionHostProcess.js:8:705)
    at dK.eb (file:///usr/share/windsurf/resources/app/out/vs/workbench/api/node/extensionHostProcess.js:117:12069)
    at file:///usr/share/windsurf/resources/app/out/vs/workbench/api/node/extensionHostProcess.js:117:10024
    at Array.map (<anonymous>)
    at dK.$ (file:///usr/share/windsurf/resources/app/out/vs/workbench/api/node/extensionHostProcess.js:117:10012)
    at dK.terminate (file:///usr/share/windsurf/resources/app/out/vs/workbench/api/node/extensionHostProcess.js:117:10255)
    at C7.terminate (file:///usr/share/windsurf/resources/app/out/vs/workbench/api/node/extensionHostProcess.js:118:1434)
    at vn (file:///usr/share/windsurf/resources/app/out/vs/workbench/api/node/extensionHostProcess.js:191:15116)
    at MessagePortMain.<anonymous> (file:///usr/share/windsurf/resources/app/out/vs/workbench/api/node/extensionHostProcess.js:191:11656)
    at MessagePortMain.emit (node:events:518:28)
    at MessagePortMain.emit (node:domain:489:12)
    at Object.MessagePortMain._internalPort.emit (node:electron/js2c/utility_init:2:2949) setContext undefined
2025-04-15 12:35:39.556 [error] Canceled: Canceled
    at TF (file:///usr/share/windsurf/resources/app/out/vs/workbench/api/node/extensionHostProcess.js:29:111806)
    at Jy.U (file:///usr/share/windsurf/resources/app/out/vs/workbench/api/node/extensionHostProcess.js:29:116417)
    at Proxy.n.<computed>.r.charCodeAt.n.<computed> (file:///usr/share/windsurf/resources/app/out/vs/workbench/api/node/extensionHostProcess.js:29:113911)
    at GS.g (file:///usr/share/windsurf/resources/app/out/vs/workbench/api/node/extensionHostProcess.js:112:32228)
    at GS.executeCommand (file:///usr/share/windsurf/resources/app/out/vs/workbench/api/node/extensionHostProcess.js:112:31732)
    at i.registerCommand.description (file:///usr/share/windsurf/resources/app/out/vs/workbench/api/node/extensionHostProcess.js:112:31062)
    at GS.h (file:///usr/share/windsurf/resources/app/out/vs/workbench/api/node/extensionHostProcess.js:112:32748)
    at GS.g (file:///usr/share/windsurf/resources/app/out/vs/workbench/api/node/extensionHostProcess.js:112:31825)
    at GS.executeCommand (file:///usr/share/windsurf/resources/app/out/vs/workbench/api/node/extensionHostProcess.js:112:31732)
    at Object.executeCommand (file:///usr/share/windsurf/resources/app/out/vs/workbench/api/node/extensionHostProcess.js:173:46382)
    at B.dispose (/home/pracker/.windsurf/extensions/ms-vscode.test-adapter-converter-0.2.1-universal/out/extension.js:9:458)
    at Cs (file:///usr/share/windsurf/resources/app/out/vs/workbench/api/node/extensionHostProcess.js:25:701)
    at file:///usr/share/windsurf/resources/app/out/vs/workbench/api/node/extensionHostProcess.js:117:15142
    at file:///usr/share/windsurf/resources/app/out/vs/workbench/api/node/extensionHostProcess.js:25:1011
    at Object.dispose (file:///usr/share/windsurf/resources/app/out/vs/workbench/api/node/extensionHostProcess.js:8:705)
    at dK.eb (file:///usr/share/windsurf/resources/app/out/vs/workbench/api/node/extensionHostProcess.js:117:12069)
    at file:///usr/share/windsurf/resources/app/out/vs/workbench/api/node/extensionHostProcess.js:117:10024
    at Array.map (<anonymous>)
    at dK.$ (file:///usr/share/windsurf/resources/app/out/vs/workbench/api/node/extensionHostProcess.js:117:10012)
    at dK.terminate (file:///usr/share/windsurf/resources/app/out/vs/workbench/api/node/extensionHostProcess.js:117:10255)
    at C7.terminate (file:///usr/share/windsurf/resources/app/out/vs/workbench/api/node/extensionHostProcess.js:118:1434)
    at vn (file:///usr/share/windsurf/resources/app/out/vs/workbench/api/node/extensionHostProcess.js:191:15116)
    at MessagePortMain.<anonymous> (file:///usr/share/windsurf/resources/app/out/vs/workbench/api/node/extensionHostProcess.js:191:11656)
    at MessagePortMain.emit (node:events:518:28)
    at MessagePortMain.emit (node:domain:489:12)
    at Object.MessagePortMain._internalPort.emit (node:electron/js2c/utility_init:2:2949) setContext undefined
2025-04-15 12:35:39.563 [info] Extension host with pid 25587 exiting with code 0
2025-04-15 12:35:40.629 [info] Extension host with pid 31421 started
2025-04-15 12:35:40.629 [info] Skipping acquiring lock for /home/pracker/.config/Windsurf/User/workspaceStorage/74e21c1aaa1a986dcc077b1065da9304.
2025-04-15 12:35:40.937 [info] ExtensionService#_doActivateExtension mechatroner.rainbow-csv, startup: false, activationEvent: 'onLanguage:plaintext'
2025-04-15 12:35:40.941 [info] ExtensionService#_doActivateExtension vscode.emmet, startup: false, activationEvent: 'onLanguage'
2025-04-15 12:35:40.955 [info] ExtensionService#_doActivateExtension vscode.configuration-editing, startup: false, activationEvent: 'onLanguage:jsonc'
2025-04-15 12:35:40.963 [info] ExtensionService#_doActivateExtension vscode.json-language-features, startup: false, activationEvent: 'onLanguage:jsonc'
2025-04-15 12:35:41.012 [info] ExtensionService#_doActivateExtension vscode.typescript-language-features, startup: false, activationEvent: 'onLanguage:jsonc'
2025-04-15 12:35:41.052 [info] ExtensionService#_doActivateExtension pflannery.vscode-versionlens, startup: false, activationEvent: 'onLanguage:jsonc'
2025-04-15 12:35:41.096 [info] ExtensionService#_doActivateExtension rvest.vs-code-prettier-eslint, startup: false, activationEvent: 'onLanguage:jsonc'
2025-04-15 12:35:41.795 [info] ExtensionService#_doActivateExtension vscode.git-base, startup: true, activationEvent: '*', root cause: vscode.git
2025-04-15 12:35:41.796 [info] ExtensionService#_doActivateExtension ms-vscode.test-adapter-converter, startup: true, activationEvent: '*', root cause: hbenl.vscode-test-explorer
2025-04-15 12:35:41.800 [info] ExtensionService#_doActivateExtension johnpapa.vscode-peacock, startup: true, activationEvent: '*'
2025-04-15 12:35:41.805 [info] ExtensionService#_doActivateExtension mhutchie.git-graph, startup: true, activationEvent: '*'
2025-04-15 12:35:41.813 [info] ExtensionService#_doActivateExtension wayou.vscode-todo-highlight, startup: true, activationEvent: '*'
2025-04-15 12:35:41.814 [info] ExtensionService#_doActivateExtension Zignd.html-css-class-completion, startup: true, activationEvent: '*'
2025-04-15 12:35:41.897 [info] ExtensionService#_doActivateExtension vscode.git, startup: true, activationEvent: '*'
2025-04-15 12:35:41.945 [info] ExtensionService#_doActivateExtension vscode.github, startup: true, activationEvent: '*'
2025-04-15 12:35:41.978 [info] ExtensionService#_doActivateExtension hbenl.vscode-test-explorer, startup: true, activationEvent: '*'
2025-04-15 12:35:42.071 [info] ExtensionService#_doActivateExtension codeium.windsurf, startup: true, activationEvent: '*'
2025-04-15 12:35:44.510 [info] Eager extensions activated
2025-04-15 12:35:44.551 [info] ExtensionService#_doActivateExtension vscode.debug-auto-launch, startup: false, activationEvent: 'onStartupFinished'
2025-04-15 12:35:44.552 [info] ExtensionService#_doActivateExtension vscode.merge-conflict, startup: false, activationEvent: 'onStartupFinished'
2025-04-15 12:35:44.565 [info] ExtensionService#_doActivateExtension Codeium.windsurf-dev-containers, startup: false, activationEvent: 'onStartupFinished'
2025-04-15 12:35:44.568 [info] ExtensionService#_doActivateExtension aaron-bond.better-comments, startup: false, activationEvent: 'onStartupFinished'
2025-04-15 12:35:44.571 [info] ExtensionService#_doActivateExtension bierner.emojisense, startup: false, activationEvent: 'onStartupFinished'
2025-04-15 12:35:44.576 [info] ExtensionService#_doActivateExtension bradlc.vscode-tailwindcss, startup: false, activationEvent: 'onStartupFinished'
2025-04-15 12:35:44.602 [info] ExtensionService#_doActivateExtension cyrilletuzi.angular-schematics, startup: false, activationEvent: 'onStartupFinished'
2025-04-15 12:35:44.904 [info] ExtensionService#_doActivateExtension dbaeumer.vscode-eslint, startup: false, activationEvent: 'onStartupFinished'
2025-04-15 12:35:44.927 [info] ExtensionService#_doActivateExtension dsznajder.es7-react-js-snippets, startup: false, activationEvent: 'onStartupFinished'
2025-04-15 12:35:45.287 [info] ExtensionService#_doActivateExtension eamodio.gitlens, startup: false, activationEvent: 'onStartupFinished'
2025-04-15 12:35:45.400 [info] ExtensionService#_doActivateExtension ecmel.vscode-html-css, startup: false, activationEvent: 'onStartupFinished'
2025-04-15 12:35:45.401 [info] ExtensionService#_doActivateExtension EditorConfig.EditorConfig, startup: false, activationEvent: 'onStartupFinished'
2025-04-15 12:35:45.413 [info] ExtensionService#_doActivateExtension esbenp.prettier-vscode, startup: false, activationEvent: 'onStartupFinished'
2025-04-15 12:35:45.458 [info] ExtensionService#_doActivateExtension Gruntfuggly.todo-tree, startup: false, activationEvent: 'onStartupFinished'
2025-04-15 12:35:45.482 [info] ExtensionService#_doActivateExtension kisstkondoros.vscode-gutter-preview, startup: false, activationEvent: 'onStartupFinished'
2025-04-15 12:35:45.510 [info] ExtensionService#_doActivateExtension PKief.material-icon-theme, startup: false, activationEvent: 'onStartupFinished'
2025-04-15 12:35:45.522 [info] ExtensionService#_doActivateExtension shardulm94.trailing-spaces, startup: false, activationEvent: 'onStartupFinished'
2025-04-15 12:35:45.529 [info] ExtensionService#_doActivateExtension subframe7536.custom-ui-style, startup: false, activationEvent: 'onStartupFinished'
2025-04-15 12:35:45.533 [info] ExtensionService#_doActivateExtension usernamehw.errorlens, startup: false, activationEvent: 'onStartupFinished'
2025-04-15 12:35:45.538 [info] ExtensionService#_doActivateExtension vscode-icons-team.vscode-icons, startup: false, activationEvent: 'onStartupFinished'
2025-04-15 12:35:45.561 [info] ExtensionService#_doActivateExtension waderyan.gitblame, startup: false, activationEvent: 'onStartupFinished'
2025-04-15 12:35:45.563 [info] ExtensionService#_doActivateExtension zhuangtongfa.material-theme, startup: false, activationEvent: 'onStartupFinished'
2025-04-15 12:35:45.576 [info] ExtensionService#_doActivateExtension golang.go, startup: false, activationEvent: 'onLanguage:go'
2025-04-15 12:35:45.934 [info] ExtensionService#_doActivateExtension vscode.github-authentication, startup: false, activationEvent: 'onAuthenticationRequest:github'
2025-04-15 12:38:33.518 [warning] vscode.json-language-features - Code actions of kind 'quickfix' requested but returned code action is of kind 'source.sort.json'. Code action will be dropped. Please check 'CodeActionContext.only' to only return requested code actions.
2025-04-15 12:38:33.554 [warning] vscode.json-language-features - Code actions of kind 'quickfix' requested but returned code action is of kind 'source.sort.json'. Code action will be dropped. Please check 'CodeActionContext.only' to only return requested code actions.
2025-04-15 12:38:33.556 [warning] vscode.json-language-features - Code actions of kind 'quickfix' requested but returned code action is of kind 'source.sort.json'. Code action will be dropped. Please check 'CodeActionContext.only' to only return requested code actions.
2025-04-15 12:38:33.557 [warning] vscode.json-language-features - Code actions of kind 'quickfix' requested but returned code action is of kind 'source.sort.json'. Code action will be dropped. Please check 'CodeActionContext.only' to only return requested code actions.
2025-04-15 12:38:33.557 [warning] vscode.json-language-features - Code actions of kind 'quickfix' requested but returned code action is of kind 'source.sort.json'. Code action will be dropped. Please check 'CodeActionContext.only' to only return requested code actions.
2025-04-15 12:38:33.558 [warning] vscode.json-language-features - Code actions of kind 'quickfix' requested but returned code action is of kind 'source.sort.json'. Code action will be dropped. Please check 'CodeActionContext.only' to only return requested code actions.
2025-04-15 12:38:33.559 [warning] vscode.json-language-features - Code actions of kind 'quickfix' requested but returned code action is of kind 'source.sort.json'. Code action will be dropped. Please check 'CodeActionContext.only' to only return requested code actions.
2025-04-15 12:38:33.560 [warning] vscode.json-language-features - Code actions of kind 'quickfix' requested but returned code action is of kind 'source.sort.json'. Code action will be dropped. Please check 'CodeActionContext.only' to only return requested code actions.
2025-04-15 12:38:34.195 [warning] vscode.json-language-features - Code actions of kind 'quickfix' requested but returned code action is of kind 'source.sort.json'. Code action will be dropped. Please check 'CodeActionContext.only' to only return requested code actions.
2025-04-15 12:38:34.196 [warning] vscode.json-language-features - Code actions of kind 'quickfix' requested but returned code action is of kind 'source.sort.json'. Code action will be dropped. Please check 'CodeActionContext.only' to only return requested code actions.
2025-04-15 12:38:34.197 [warning] vscode.json-language-features - Code actions of kind 'quickfix' requested but returned code action is of kind 'source.sort.json'. Code action will be dropped. Please check 'CodeActionContext.only' to only return requested code actions.
2025-04-15 12:38:34.198 [warning] vscode.json-language-features - Code actions of kind 'quickfix' requested but returned code action is of kind 'source.sort.json'. Code action will be dropped. Please check 'CodeActionContext.only' to only return requested code actions.
2025-04-15 12:38:34.200 [warning] vscode.json-language-features - Code actions of kind 'quickfix' requested but returned code action is of kind 'source.sort.json'. Code action will be dropped. Please check 'CodeActionContext.only' to only return requested code actions.
2025-04-15 12:38:34.201 [warning] vscode.json-language-features - Code actions of kind 'quickfix' requested but returned code action is of kind 'source.sort.json'. Code action will be dropped. Please check 'CodeActionContext.only' to only return requested code actions.
2025-04-15 12:38:34.201 [warning] vscode.json-language-features - Code actions of kind 'quickfix' requested but returned code action is of kind 'source.sort.json'. Code action will be dropped. Please check 'CodeActionContext.only' to only return requested code actions.
2025-04-15 12:38:34.202 [warning] vscode.json-language-features - Code actions of kind 'quickfix' requested but returned code action is of kind 'source.sort.json'. Code action will be dropped. Please check 'CodeActionContext.only' to only return requested code actions.
2025-04-15 12:38:34.543 [warning] vscode.json-language-features - Code actions of kind 'quickfix' requested but returned code action is of kind 'source.sort.json'. Code action will be dropped. Please check 'CodeActionContext.only' to only return requested code actions.
2025-04-15 12:38:34.739 [warning] vscode.json-language-features - Code actions of kind 'quickfix' requested but returned code action is of kind 'source.sort.json'. Code action will be dropped. Please check 'CodeActionContext.only' to only return requested code actions.
2025-04-15 12:38:34.740 [warning] vscode.json-language-features - Code actions of kind 'quickfix' requested but returned code action is of kind 'source.sort.json'. Code action will be dropped. Please check 'CodeActionContext.only' to only return requested code actions.
2025-04-15 12:38:34.741 [warning] vscode.json-language-features - Code actions of kind 'quickfix' requested but returned code action is of kind 'source.sort.json'. Code action will be dropped. Please check 'CodeActionContext.only' to only return requested code actions.
2025-04-15 12:38:34.742 [warning] vscode.json-language-features - Code actions of kind 'quickfix' requested but returned code action is of kind 'source.sort.json'. Code action will be dropped. Please check 'CodeActionContext.only' to only return requested code actions.
2025-04-15 12:38:34.743 [warning] vscode.json-language-features - Code actions of kind 'quickfix' requested but returned code action is of kind 'source.sort.json'. Code action will be dropped. Please check 'CodeActionContext.only' to only return requested code actions.
2025-04-15 12:38:34.744 [warning] vscode.json-language-features - Code actions of kind 'quickfix' requested but returned code action is of kind 'source.sort.json'. Code action will be dropped. Please check 'CodeActionContext.only' to only return requested code actions.
2025-04-15 12:38:34.745 [warning] vscode.json-language-features - Code actions of kind 'quickfix' requested but returned code action is of kind 'source.sort.json'. Code action will be dropped. Please check 'CodeActionContext.only' to only return requested code actions.
2025-04-15 12:38:35.093 [warning] vscode.json-language-features - Code actions of kind 'quickfix' requested but returned code action is of kind 'source.sort.json'. Code action will be dropped. Please check 'CodeActionContext.only' to only return requested code actions.
2025-04-15 12:38:35.094 [warning] vscode.json-language-features - Code actions of kind 'quickfix' requested but returned code action is of kind 'source.sort.json'. Code action will be dropped. Please check 'CodeActionContext.only' to only return requested code actions.
2025-04-15 12:38:35.095 [warning] vscode.json-language-features - Code actions of kind 'quickfix' requested but returned code action is of kind 'source.sort.json'. Code action will be dropped. Please check 'CodeActionContext.only' to only return requested code actions.
2025-04-15 12:38:35.096 [warning] vscode.json-language-features - Code actions of kind 'quickfix' requested but returned code action is of kind 'source.sort.json'. Code action will be dropped. Please check 'CodeActionContext.only' to only return requested code actions.
2025-04-15 12:38:35.096 [warning] vscode.json-language-features - Code actions of kind 'quickfix' requested but returned code action is of kind 'source.sort.json'. Code action will be dropped. Please check 'CodeActionContext.only' to only return requested code actions.
2025-04-15 12:38:35.097 [warning] vscode.json-language-features - Code actions of kind 'quickfix' requested but returned code action is of kind 'source.sort.json'. Code action will be dropped. Please check 'CodeActionContext.only' to only return requested code actions.
2025-04-15 12:38:35.098 [warning] vscode.json-language-features - Code actions of kind 'quickfix' requested but returned code action is of kind 'source.sort.json'. Code action will be dropped. Please check 'CodeActionContext.only' to only return requested code actions.
2025-04-15 12:38:35.098 [warning] vscode.json-language-features - Code actions of kind 'quickfix' requested but returned code action is of kind 'source.sort.json'. Code action will be dropped. Please check 'CodeActionContext.only' to only return requested code actions.
2025-04-15 12:38:40.707 [warning] vscode.json-language-features - Code actions of kind 'quickfix' requested but returned code action is of kind 'source.sort.json'. Code action will be dropped. Please check 'CodeActionContext.only' to only return requested code actions.
2025-04-15 12:38:40.708 [warning] vscode.json-language-features - Code actions of kind 'quickfix' requested but returned code action is of kind 'source.sort.json'. Code action will be dropped. Please check 'CodeActionContext.only' to only return requested code actions.
2025-04-15 12:38:40.709 [warning] vscode.json-language-features - Code actions of kind 'quickfix' requested but returned code action is of kind 'source.sort.json'. Code action will be dropped. Please check 'CodeActionContext.only' to only return requested code actions.
2025-04-15 12:38:40.710 [warning] vscode.json-language-features - Code actions of kind 'quickfix' requested but returned code action is of kind 'source.sort.json'. Code action will be dropped. Please check 'CodeActionContext.only' to only return requested code actions.
2025-04-15 12:38:40.711 [warning] vscode.json-language-features - Code actions of kind 'quickfix' requested but returned code action is of kind 'source.sort.json'. Code action will be dropped. Please check 'CodeActionContext.only' to only return requested code actions.
2025-04-15 12:38:40.711 [warning] vscode.json-language-features - Code actions of kind 'quickfix' requested but returned code action is of kind 'source.sort.json'. Code action will be dropped. Please check 'CodeActionContext.only' to only return requested code actions.
2025-04-15 12:38:40.712 [warning] vscode.json-language-features - Code actions of kind 'quickfix' requested but returned code action is of kind 'source.sort.json'. Code action will be dropped. Please check 'CodeActionContext.only' to only return requested code actions.
2025-04-15 12:38:40.712 [warning] vscode.json-language-features - Code actions of kind 'quickfix' requested but returned code action is of kind 'source.sort.json'. Code action will be dropped. Please check 'CodeActionContext.only' to only return requested code actions.
2025-04-15 12:38:41.179 [warning] vscode.json-language-features - Code actions of kind 'quickfix' requested but returned code action is of kind 'source.sort.json'. Code action will be dropped. Please check 'CodeActionContext.only' to only return requested code actions.
2025-04-15 12:38:41.180 [warning] vscode.json-language-features - Code actions of kind 'quickfix' requested but returned code action is of kind 'source.sort.json'. Code action will be dropped. Please check 'CodeActionContext.only' to only return requested code actions.
2025-04-15 12:38:41.181 [warning] vscode.json-language-features - Code actions of kind 'quickfix' requested but returned code action is of kind 'source.sort.json'. Code action will be dropped. Please check 'CodeActionContext.only' to only return requested code actions.
2025-04-15 12:38:41.181 [warning] vscode.json-language-features - Code actions of kind 'quickfix' requested but returned code action is of kind 'source.sort.json'. Code action will be dropped. Please check 'CodeActionContext.only' to only return requested code actions.
2025-04-15 12:38:41.182 [warning] vscode.json-language-features - Code actions of kind 'quickfix' requested but returned code action is of kind 'source.sort.json'. Code action will be dropped. Please check 'CodeActionContext.only' to only return requested code actions.
2025-04-15 12:38:41.183 [warning] vscode.json-language-features - Code actions of kind 'quickfix' requested but returned code action is of kind 'source.sort.json'. Code action will be dropped. Please check 'CodeActionContext.only' to only return requested code actions.
2025-04-15 12:38:41.183 [warning] vscode.json-language-features - Code actions of kind 'quickfix' requested but returned code action is of kind 'source.sort.json'. Code action will be dropped. Please check 'CodeActionContext.only' to only return requested code actions.
2025-04-15 12:38:41.184 [warning] vscode.json-language-features - Code actions of kind 'quickfix' requested but returned code action is of kind 'source.sort.json'. Code action will be dropped. Please check 'CodeActionContext.only' to only return requested code actions.
2025-04-15 12:38:44.671 [warning] vscode.json-language-features - Code actions of kind 'quickfix' requested but returned code action is of kind 'source.sort.json'. Code action will be dropped. Please check 'CodeActionContext.only' to only return requested code actions.
2025-04-15 12:38:44.673 [warning] vscode.json-language-features - Code actions of kind 'quickfix' requested but returned code action is of kind 'source.sort.json'. Code action will be dropped. Please check 'CodeActionContext.only' to only return requested code actions.
2025-04-15 12:38:44.674 [warning] vscode.json-language-features - Code actions of kind 'quickfix' requested but returned code action is of kind 'source.sort.json'. Code action will be dropped. Please check 'CodeActionContext.only' to only return requested code actions.
2025-04-15 12:38:44.675 [warning] vscode.json-language-features - Code actions of kind 'quickfix' requested but returned code action is of kind 'source.sort.json'. Code action will be dropped. Please check 'CodeActionContext.only' to only return requested code actions.
2025-04-15 12:38:44.675 [warning] vscode.json-language-features - Code actions of kind 'quickfix' requested but returned code action is of kind 'source.sort.json'. Code action will be dropped. Please check 'CodeActionContext.only' to only return requested code actions.
2025-04-15 12:38:44.676 [warning] vscode.json-language-features - Code actions of kind 'quickfix' requested but returned code action is of kind 'source.sort.json'. Code action will be dropped. Please check 'CodeActionContext.only' to only return requested code actions.
2025-04-15 12:38:44.677 [warning] vscode.json-language-features - Code actions of kind 'quickfix' requested but returned code action is of kind 'source.sort.json'. Code action will be dropped. Please check 'CodeActionContext.only' to only return requested code actions.
2025-04-15 12:38:44.677 [warning] vscode.json-language-features - Code actions of kind 'quickfix' requested but returned code action is of kind 'source.sort.json'. Code action will be dropped. Please check 'CodeActionContext.only' to only return requested code actions.
2025-04-15 12:38:45.526 [warning] vscode.json-language-features - Code actions of kind 'quickfix' requested but returned code action is of kind 'source.sort.json'. Code action will be dropped. Please check 'CodeActionContext.only' to only return requested code actions.
2025-04-15 12:38:45.526 [warning] vscode.json-language-features - Code actions of kind 'quickfix' requested but returned code action is of kind 'source.sort.json'. Code action will be dropped. Please check 'CodeActionContext.only' to only return requested code actions.
2025-04-15 12:38:45.527 [warning] vscode.json-language-features - Code actions of kind 'quickfix' requested but returned code action is of kind 'source.sort.json'. Code action will be dropped. Please check 'CodeActionContext.only' to only return requested code actions.
2025-04-15 12:38:45.527 [warning] vscode.json-language-features - Code actions of kind 'quickfix' requested but returned code action is of kind 'source.sort.json'. Code action will be dropped. Please check 'CodeActionContext.only' to only return requested code actions.
2025-04-15 12:38:45.529 [warning] vscode.json-language-features - Code actions of kind 'quickfix' requested but returned code action is of kind 'source.sort.json'. Code action will be dropped. Please check 'CodeActionContext.only' to only return requested code actions.
2025-04-15 12:38:45.529 [warning] vscode.json-language-features - Code actions of kind 'quickfix' requested but returned code action is of kind 'source.sort.json'. Code action will be dropped. Please check 'CodeActionContext.only' to only return requested code actions.
2025-04-15 12:38:45.530 [warning] vscode.json-language-features - Code actions of kind 'quickfix' requested but returned code action is of kind 'source.sort.json'. Code action will be dropped. Please check 'CodeActionContext.only' to only return requested code actions.
2025-04-15 12:38:45.530 [warning] vscode.json-language-features - Code actions of kind 'quickfix' requested but returned code action is of kind 'source.sort.json'. Code action will be dropped. Please check 'CodeActionContext.only' to only return requested code actions.
2025-04-15 12:38:45.531 [warning] vscode.json-language-features - Code actions of kind 'quickfix' requested but returned code action is of kind 'source.sort.json'. Code action will be dropped. Please check 'CodeActionContext.only' to only return requested code actions.
2025-04-15 12:38:45.531 [warning] vscode.json-language-features - Code actions of kind 'quickfix' requested but returned code action is of kind 'source.sort.json'. Code action will be dropped. Please check 'CodeActionContext.only' to only return requested code actions.
2025-04-15 12:38:45.532 [warning] vscode.json-language-features - Code actions of kind 'quickfix' requested but returned code action is of kind 'source.sort.json'. Code action will be dropped. Please check 'CodeActionContext.only' to only return requested code actions.
2025-04-15 12:38:45.532 [warning] vscode.json-language-features - Code actions of kind 'quickfix' requested but returned code action is of kind 'source.sort.json'. Code action will be dropped. Please check 'CodeActionContext.only' to only return requested code actions.
2025-04-15 12:38:45.533 [warning] vscode.json-language-features - Code actions of kind 'quickfix' requested but returned code action is of kind 'source.sort.json'. Code action will be dropped. Please check 'CodeActionContext.only' to only return requested code actions.
2025-04-15 12:38:45.533 [warning] vscode.json-language-features - Code actions of kind 'quickfix' requested but returned code action is of kind 'source.sort.json'. Code action will be dropped. Please check 'CodeActionContext.only' to only return requested code actions.
2025-04-15 12:38:45.534 [warning] vscode.json-language-features - Code actions of kind 'quickfix' requested but returned code action is of kind 'source.sort.json'. Code action will be dropped. Please check 'CodeActionContext.only' to only return requested code actions.
2025-04-15 12:38:45.534 [warning] vscode.json-language-features - Code actions of kind 'quickfix' requested but returned code action is of kind 'source.sort.json'. Code action will be dropped. Please check 'CodeActionContext.only' to only return requested code actions.
2025-04-15 12:38:46.044 [warning] vscode.json-language-features - Code actions of kind 'quickfix' requested but returned code action is of kind 'source.sort.json'. Code action will be dropped. Please check 'CodeActionContext.only' to only return requested code actions.
2025-04-15 12:38:46.046 [warning] vscode.json-language-features - Code actions of kind 'quickfix' requested but returned code action is of kind 'source.sort.json'. Code action will be dropped. Please check 'CodeActionContext.only' to only return requested code actions.
2025-04-15 12:38:46.047 [warning] vscode.json-language-features - Code actions of kind 'quickfix' requested but returned code action is of kind 'source.sort.json'. Code action will be dropped. Please check 'CodeActionContext.only' to only return requested code actions.
2025-04-15 12:38:46.047 [warning] vscode.json-language-features - Code actions of kind 'quickfix' requested but returned code action is of kind 'source.sort.json'. Code action will be dropped. Please check 'CodeActionContext.only' to only return requested code actions.
2025-04-15 12:38:46.048 [warning] vscode.json-language-features - Code actions of kind 'quickfix' requested but returned code action is of kind 'source.sort.json'. Code action will be dropped. Please check 'CodeActionContext.only' to only return requested code actions.
2025-04-15 12:38:46.049 [warning] vscode.json-language-features - Code actions of kind 'quickfix' requested but returned code action is of kind 'source.sort.json'. Code action will be dropped. Please check 'CodeActionContext.only' to only return requested code actions.
2025-04-15 12:38:46.049 [warning] vscode.json-language-features - Code actions of kind 'quickfix' requested but returned code action is of kind 'source.sort.json'. Code action will be dropped. Please check 'CodeActionContext.only' to only return requested code actions.
2025-04-15 12:38:46.050 [warning] vscode.json-language-features - Code actions of kind 'quickfix' requested but returned code action is of kind 'source.sort.json'. Code action will be dropped. Please check 'CodeActionContext.only' to only return requested code actions.
2025-04-15 12:38:47.853 [warning] vscode.json-language-features - Code actions of kind 'quickfix' requested but returned code action is of kind 'source.sort.json'. Code action will be dropped. Please check 'CodeActionContext.only' to only return requested code actions.
2025-04-15 12:38:47.854 [warning] vscode.json-language-features - Code actions of kind 'quickfix' requested but returned code action is of kind 'source.sort.json'. Code action will be dropped. Please check 'CodeActionContext.only' to only return requested code actions.
2025-04-15 12:38:47.855 [warning] vscode.json-language-features - Code actions of kind 'quickfix' requested but returned code action is of kind 'source.sort.json'. Code action will be dropped. Please check 'CodeActionContext.only' to only return requested code actions.
2025-04-15 12:38:47.856 [warning] vscode.json-language-features - Code actions of kind 'quickfix' requested but returned code action is of kind 'source.sort.json'. Code action will be dropped. Please check 'CodeActionContext.only' to only return requested code actions.
2025-04-15 12:38:47.857 [warning] vscode.json-language-features - Code actions of kind 'quickfix' requested but returned code action is of kind 'source.sort.json'. Code action will be dropped. Please check 'CodeActionContext.only' to only return requested code actions.
2025-04-15 12:38:47.858 [warning] vscode.json-language-features - Code actions of kind 'quickfix' requested but returned code action is of kind 'source.sort.json'. Code action will be dropped. Please check 'CodeActionContext.only' to only return requested code actions.
2025-04-15 12:38:47.859 [warning] vscode.json-language-features - Code actions of kind 'quickfix' requested but returned code action is of kind 'source.sort.json'. Code action will be dropped. Please check 'CodeActionContext.only' to only return requested code actions.
2025-04-15 12:38:47.860 [warning] vscode.json-language-features - Code actions of kind 'quickfix' requested but returned code action is of kind 'source.sort.json'. Code action will be dropped. Please check 'CodeActionContext.only' to only return requested code actions.
2025-04-15 12:38:48.343 [warning] vscode.json-language-features - Code actions of kind 'quickfix' requested but returned code action is of kind 'source.sort.json'. Code action will be dropped. Please check 'CodeActionContext.only' to only return requested code actions.
2025-04-15 12:38:48.344 [warning] vscode.json-language-features - Code actions of kind 'quickfix' requested but returned code action is of kind 'source.sort.json'. Code action will be dropped. Please check 'CodeActionContext.only' to only return requested code actions.
2025-04-15 12:38:48.345 [warning] vscode.json-language-features - Code actions of kind 'quickfix' requested but returned code action is of kind 'source.sort.json'. Code action will be dropped. Please check 'CodeActionContext.only' to only return requested code actions.
2025-04-15 12:38:48.346 [warning] vscode.json-language-features - Code actions of kind 'quickfix' requested but returned code action is of kind 'source.sort.json'. Code action will be dropped. Please check 'CodeActionContext.only' to only return requested code actions.
2025-04-15 12:38:48.346 [warning] vscode.json-language-features - Code actions of kind 'quickfix' requested but returned code action is of kind 'source.sort.json'. Code action will be dropped. Please check 'CodeActionContext.only' to only return requested code actions.
2025-04-15 12:38:48.347 [warning] vscode.json-language-features - Code actions of kind 'quickfix' requested but returned code action is of kind 'source.sort.json'. Code action will be dropped. Please check 'CodeActionContext.only' to only return requested code actions.
2025-04-15 12:38:48.347 [warning] vscode.json-language-features - Code actions of kind 'quickfix' requested but returned code action is of kind 'source.sort.json'. Code action will be dropped. Please check 'CodeActionContext.only' to only return requested code actions.
2025-04-15 12:38:48.348 [warning] vscode.json-language-features - Code actions of kind 'quickfix' requested but returned code action is of kind 'source.sort.json'. Code action will be dropped. Please check 'CodeActionContext.only' to only return requested code actions.
2025-04-15 12:39:40.163 [warning] vscode.json-language-features - Code actions of kind 'quickfix' requested but returned code action is of kind 'source.sort.json'. Code action will be dropped. Please check 'CodeActionContext.only' to only return requested code actions.
2025-04-15 12:39:40.164 [warning] vscode.json-language-features - Code actions of kind 'quickfix' requested but returned code action is of kind 'source.sort.json'. Code action will be dropped. Please check 'CodeActionContext.only' to only return requested code actions.
2025-04-15 12:39:40.165 [warning] vscode.json-language-features - Code actions of kind 'quickfix' requested but returned code action is of kind 'source.sort.json'. Code action will be dropped. Please check 'CodeActionContext.only' to only return requested code actions.
2025-04-15 12:39:40.166 [warning] vscode.json-language-features - Code actions of kind 'quickfix' requested but returned code action is of kind 'source.sort.json'. Code action will be dropped. Please check 'CodeActionContext.only' to only return requested code actions.
2025-04-15 12:39:40.167 [warning] vscode.json-language-features - Code actions of kind 'quickfix' requested but returned code action is of kind 'source.sort.json'. Code action will be dropped. Please check 'CodeActionContext.only' to only return requested code actions.
2025-04-15 12:39:40.168 [warning] vscode.json-language-features - Code actions of kind 'quickfix' requested but returned code action is of kind 'source.sort.json'. Code action will be dropped. Please check 'CodeActionContext.only' to only return requested code actions.
2025-04-15 12:39:40.169 [warning] vscode.json-language-features - Code actions of kind 'quickfix' requested but returned code action is of kind 'source.sort.json'. Code action will be dropped. Please check 'CodeActionContext.only' to only return requested code actions.
2025-04-15 12:39:40.169 [warning] vscode.json-language-features - Code actions of kind 'quickfix' requested but returned code action is of kind 'source.sort.json'. Code action will be dropped. Please check 'CodeActionContext.only' to only return requested code actions.
2025-04-15 12:39:40.763 [warning] vscode.json-language-features - Code actions of kind 'quickfix' requested but returned code action is of kind 'source.sort.json'. Code action will be dropped. Please check 'CodeActionContext.only' to only return requested code actions.
2025-04-15 12:39:40.764 [warning] vscode.json-language-features - Code actions of kind 'quickfix' requested but returned code action is of kind 'source.sort.json'. Code action will be dropped. Please check 'CodeActionContext.only' to only return requested code actions.
2025-04-15 12:39:40.765 [warning] vscode.json-language-features - Code actions of kind 'quickfix' requested but returned code action is of kind 'source.sort.json'. Code action will be dropped. Please check 'CodeActionContext.only' to only return requested code actions.
2025-04-15 12:39:40.766 [warning] vscode.json-language-features - Code actions of kind 'quickfix' requested but returned code action is of kind 'source.sort.json'. Code action will be dropped. Please check 'CodeActionContext.only' to only return requested code actions.
2025-04-15 12:39:40.766 [warning] vscode.json-language-features - Code actions of kind 'quickfix' requested but returned code action is of kind 'source.sort.json'. Code action will be dropped. Please check 'CodeActionContext.only' to only return requested code actions.
2025-04-15 12:39:40.767 [warning] vscode.json-language-features - Code actions of kind 'quickfix' requested but returned code action is of kind 'source.sort.json'. Code action will be dropped. Please check 'CodeActionContext.only' to only return requested code actions.
2025-04-15 12:39:40.768 [warning] vscode.json-language-features - Code actions of kind 'quickfix' requested but returned code action is of kind 'source.sort.json'. Code action will be dropped. Please check 'CodeActionContext.only' to only return requested code actions.
2025-04-15 12:39:40.769 [warning] vscode.json-language-features - Code actions of kind 'quickfix' requested but returned code action is of kind 'source.sort.json'. Code action will be dropped. Please check 'CodeActionContext.only' to only return requested code actions.
2025-04-15 12:39:46.630 [warning] vscode.json-language-features - Code actions of kind 'quickfix' requested but returned code action is of kind 'source.sort.json'. Code action will be dropped. Please check 'CodeActionContext.only' to only return requested code actions.
2025-04-15 12:39:46.631 [warning] vscode.json-language-features - Code actions of kind 'quickfix' requested but returned code action is of kind 'source.sort.json'. Code action will be dropped. Please check 'CodeActionContext.only' to only return requested code actions.
2025-04-15 12:39:46.632 [warning] vscode.json-language-features - Code actions of kind 'quickfix' requested but returned code action is of kind 'source.sort.json'. Code action will be dropped. Please check 'CodeActionContext.only' to only return requested code actions.
2025-04-15 12:39:46.632 [warning] vscode.json-language-features - Code actions of kind 'quickfix' requested but returned code action is of kind 'source.sort.json'. Code action will be dropped. Please check 'CodeActionContext.only' to only return requested code actions.
2025-04-15 12:39:46.633 [warning] vscode.json-language-features - Code actions of kind 'quickfix' requested but returned code action is of kind 'source.sort.json'. Code action will be dropped. Please check 'CodeActionContext.only' to only return requested code actions.
2025-04-15 12:39:46.634 [warning] vscode.json-language-features - Code actions of kind 'quickfix' requested but returned code action is of kind 'source.sort.json'. Code action will be dropped. Please check 'CodeActionContext.only' to only return requested code actions.
2025-04-15 12:39:46.634 [warning] vscode.json-language-features - Code actions of kind 'quickfix' requested but returned code action is of kind 'source.sort.json'. Code action will be dropped. Please check 'CodeActionContext.only' to only return requested code actions.
2025-04-15 12:39:46.636 [warning] vscode.json-language-features - Code actions of kind 'quickfix' requested but returned code action is of kind 'source.sort.json'. Code action will be dropped. Please check 'CodeActionContext.only' to only return requested code actions.
2025-04-15 12:39:47.496 [warning] vscode.json-language-features - Code actions of kind 'quickfix' requested but returned code action is of kind 'source.sort.json'. Code action will be dropped. Please check 'CodeActionContext.only' to only return requested code actions.
2025-04-15 12:39:47.497 [warning] vscode.json-language-features - Code actions of kind 'quickfix' requested but returned code action is of kind 'source.sort.json'. Code action will be dropped. Please check 'CodeActionContext.only' to only return requested code actions.
2025-04-15 12:39:47.498 [warning] vscode.json-language-features - Code actions of kind 'quickfix' requested but returned code action is of kind 'source.sort.json'. Code action will be dropped. Please check 'CodeActionContext.only' to only return requested code actions.
2025-04-15 12:39:47.502 [warning] vscode.json-language-features - Code actions of kind 'quickfix' requested but returned code action is of kind 'source.sort.json'. Code action will be dropped. Please check 'CodeActionContext.only' to only return requested code actions.
2025-04-15 12:39:47.503 [warning] vscode.json-language-features - Code actions of kind 'quickfix' requested but returned code action is of kind 'source.sort.json'. Code action will be dropped. Please check 'CodeActionContext.only' to only return requested code actions.
2025-04-15 12:39:47.504 [warning] vscode.json-language-features - Code actions of kind 'quickfix' requested but returned code action is of kind 'source.sort.json'. Code action will be dropped. Please check 'CodeActionContext.only' to only return requested code actions.
2025-04-15 12:39:47.505 [warning] vscode.json-language-features - Code actions of kind 'quickfix' requested but returned code action is of kind 'source.sort.json'. Code action will be dropped. Please check 'CodeActionContext.only' to only return requested code actions.
2025-04-15 12:39:47.505 [warning] vscode.json-language-features - Code actions of kind 'quickfix' requested but returned code action is of kind 'source.sort.json'. Code action will be dropped. Please check 'CodeActionContext.only' to only return requested code actions.
